videoId,artists,title,tempo,key,mode,minor_score,bittersweet,key_strength,percussive,energy_rms,dynamics,brightness,rolloff,bandwidth,flatness,zcr,contrast,onset_rate,pulse_clarity,mfcc1,mfcc2,mfcc3,mfcc4,status
4u7kNELI76A,Mild High Club,Homage,73.8,D,minor,0.573,0.854,0.782,0.193,0.1805,0.25,1942.6,3783.4,1986.5,0.0121,0.0963,23.968,2.65,0.819,115.22,-29.14,17.24,-5.45,ok
-ryNfrDCpmI,s0rrow,unhappy,117.5,C#,major,0.448,0.896,0.417,0.29,0.2437,0.291,2484.2,5416.1,2670.6,0.019,0.0994,23.36,4.49,0.879,77.59,5.31,34.48,12.29,ok
4bWbobP6_IU,Oxitt,Got it,99.4,B,minor,0.744,0.512,0.828,0.277,0.1566,0.386,1436.6,3145.9,1492.5,0.0006,0.0696,25.642,3.89,0.79,136.74,-38.12,89.04,1.65,ok
RfjSLd44EqA,SWOX,Nope your too late i already died,117.5,E,minor,0.731,0.538,0.48,0.252,0.2299,0.489,1525.1,3640.6,2060.5,0.0229,0.0469,23.407,3.64,0.934,109.64,9.13,50.87,9.96,ok
Xf9v-Uvabxo,adore,did i tell u that i miss u,112.3,A,major,0.254,0.508,0.682,0.269,0.2978,0.345,1914.2,4452.6,2414.9,0.0078,0.0611,23.468,4.0,0.888,103.59,13.86,24.65,2.91,ok
sOr70cra9Q4,untitled,Restless,172.3,F#,major,0.24,0.48,0.817,0.226,0.1604,0.32,1922.2,3988.5,2170.4,0.0131,0.0819,23.431,1.56,0.819,102.97,-4.72,34.14,14.5,ok
POcZqfP3Ja4,"proderics, melodybloom",strangers,66.3,E,minor,0.657,0.686,0.625,0.418,0.1945,0.531,1642.7,3654.2,2303.0,0.0138,0.0568,21.341,4.15,0.877,116.54,23.18,23.3,6.99,ok
GmcW4dwXW20,mthu,i would end it tonight,80.7,D#,minor,0.567,0.866,0.662,0.288,0.2463,0.21,1536.0,3128.6,2022.7,0.0058,0.0631,23.31,5.23,0.811,131.61,15.03,28.84,1.06,ok
N9kNP7P4vJg,your warm arms,existing,99.4,G#,minor,0.517,0.966,0.79,0.088,0.2052,0.376,677.5,1025.4,1100.3,0.0001,0.029,25.184,3.99,0.834,185.59,9.0,54.13,-3.7,ok
Z397ravQmuQ,h4teboy,Why,95.7,C#,minor,0.709,0.582,0.812,0.28,0.1609,0.372,1544.3,3276.7,1666.4,0.002,0.0735,26.76,3.83,0.747,122.83,-14.41,84.81,-11.96,ok
yomHUNNfAvw,shambles,happier,112.3,F#,minor,0.736,0.528,0.827,0.128,0.1826,0.389,1577.1,3124.9,1845.0,0.0087,0.0692,24.147,4.0,0.756,138.2,-22.64,13.14,8.25,ok
q_FhS7i_qx4,urgxnt,Nope your too late i already died (Slowed),107.7,F,major,0.483,0.966,0.339,0.089,0.2335,0.48,1434.9,3174.2,2135.0,0.0036,0.0342,23.617,3.71,0.891,119.48,4.62,31.19,27.12,ok
Blacp0J3CfQ,Andrew Odom,Is That,136.0,G,minor,0.726,0.548,0.837,0.148,0.2478,0.281,1016.2,2113.3,1148.7,0.0002,0.0497,25.51,2.96,0.657,167.12,-39.1,69.69,32.96,ok
g-Zp8y3_mk8,IRSNa,Je te laisserai des mots (Piano Cover),152.0,D,major,0.497,0.994,0.738,0.048,0.0653,0.782,549.3,823.1,927.1,0.0002,0.0338,24.093,3.63,0.653,167.17,58.18,12.22,7.54,ok
NkzzjHaXfaw,Instupendo,Six Forty Seven,152.0,E,major,0.409,0.818,0.595,0.027,0.0868,0.687,796.2,1406.4,1051.8,0.0019,0.0389,24.923,1.87,0.825,149.9,25.6,32.76,10.55,ok
9AuzJ2GBCGw,Ólafur Järvinen,Debussy: Rêverie,92.3,F,major,0.272,0.544,0.835,0.029,0.0239,0.721,522.1,753.2,433.5,0.0,0.0433,27.096,1.92,0.635,167.52,52.68,2.06,-3.88,ok
nQJZq8_X-kM,Daniela Mlčúchová,Golden Hour (piano cover),57.4,G#,minor,0.676,0.648,0.675,0.049,0.0642,0.446,865.4,1482.0,983.6,0.0002,0.0615,25.798,1.85,0.828,191.91,-4.83,17.13,0.7,ok
lw-XGkNGLCM,Joshua Kyan Aalampour,The Forsaken Waltz,143.6,B,minor,0.649,0.702,0.791,0.07,0.0871,0.399,891.2,1576.5,913.8,0.0002,0.0578,25.828,3.14,0.645,205.01,-26.36,11.85,-2.07,ok
3oeQleJ77fU,ROAR,Christmas Kids,76.0,D,major,0.236,0.472,0.881,0.176,0.206,0.298,2282.0,4463.2,2275.0,0.0198,0.1183,23.046,2.65,0.831,90.55,-20.21,33.85,6.16,ok
HydkjjDNTmY,The Long Faces,Jane!,143.6,C#,minor,0.653,0.694,0.523,0.262,0.1198,0.241,2371.5,4807.9,2454.6,0.0185,0.1103,23.452,3.82,0.728,83.42,-7.88,41.97,11.96,ok
-Gnedsk9Ers,softsync,beanie (instrumental slowed & reverb with rain),107.7,C,major,0.29,0.58,0.703,0.056,0.2272,0.309,1666.9,3898.7,2417.7,0.0061,0.0377,22.096,1.82,0.904,102.68,23.93,36.83,16.98,ok
v3kHI_lgaCo,Teesa,Waltz of Cecilia,184.6,A,major,0.459,0.918,0.817,0.029,0.0567,0.431,445.2,685.2,438.0,0.0,0.0352,25.094,3.29,0.615,210.37,71.11,1.75,-5.3,ok
GwSSrwryxN0,Sidney Gish,Impostor Syndrome,117.5,E,minor,0.521,0.958,0.659,0.406,0.1416,0.383,2199.8,4364.9,2276.0,0.016,0.096,23.761,3.64,0.758,97.47,-4.47,32.52,6.88,ok
UnuEzP1rDLY,Dominic Fike,Babydoll,83.4,C,major,0.203,0.406,0.673,0.282,0.2585,0.375,2408.2,5330.0,2622.0,0.023,0.0913,22.554,3.91,0.728,84.95,9.65,26.14,5.93,ok
ii79JEPP6Wc,Damien Gauci,Mice On Venus,103.4,C,major,0.165,0.33,0.878,0.095,0.0332,0.788,444.6,696.6,568.9,0.0,0.0346,25.728,1.18,0.596,161.61,72.42,16.0,-1.23,ok
uY95HXiHqkk,Penguin Piano,Вечера (Vechera),129.2,E,minor,0.848,0.304,0.836,0.021,0.1251,0.4,518.0,751.2,547.1,0.0,0.0424,25.504,2.94,0.609,234.15,40.02,-7.46,3.27,ok
znfYwABeSZ0,Yann Tiersen,"Comptine d'un autre été, l'après-midi",198.8,D,major,0.456,0.912,0.859,0.031,0.0965,0.535,781.8,1347.3,850.5,0.0039,0.0516,26.785,3.93,0.626,185.05,1.98,-6.64,10.1,ok
PiCa76Ch5O8,Juan Arenosa,Cordelia,184.6,G,minor,0.777,0.446,0.875,0.048,0.1121,0.6,802.9,1365.1,964.8,0.001,0.0487,27.393,4.23,0.634,185.62,5.9,-4.3,-8.29,ok
dYk3QrSzHAA,Juan Arenosa,Cordelia,184.6,G,minor,0.776,0.448,0.877,0.048,0.112,0.601,801.3,1362.8,961.4,0.0014,0.0486,27.343,4.21,0.636,185.55,5.98,-4.32,-8.21,ok
XZfyyk0_Yqs,Patrick Watson,Je te laisserai des mots,129.2,D,major,0.399,0.798,0.885,0.064,0.1164,0.506,905.8,1547.8,1201.2,0.0013,0.0466,24.219,2.25,0.831,184.02,2.41,12.59,0.79,ok
e6Po2lDHD1I,Andrea Vanzo,"Amélie - Comptine d’un autre été, l’après-midi (reimagined)",129.2,E,minor,0.649,0.702,0.912,0.037,0.0537,0.52,714.7,1035.3,840.1,0.0001,0.0585,25.944,4.42,0.577,190.49,24.2,-2.76,1.47,ok
yAW3xEnDTqk,liana flores,"recently,",143.6,G,major,0.358,0.716,0.67,0.125,0.0818,0.427,1526.5,3020.0,1825.4,0.0025,0.065,26.034,3.95,0.69,118.37,0.85,47.9,2.4,ok
1viymmZUNjU,Sapiyano,Je te laisserai des mots,143.6,C,major,0.201,0.402,0.96,0.03,0.082,0.48,500.3,787.6,445.8,0.0,0.0368,25.777,3.05,0.687,209.36,40.44,-6.14,6.87,ok
-2yAEUp9v6M,Liana Flores,rises the moon,136.0,G,minor,0.56,0.88,0.422,0.056,0.1197,0.307,1010.1,1648.4,1685.5,0.0017,0.0347,25.415,3.22,0.656,148.61,30.92,28.72,26.73,ok
xfrnIQxSjAQ,GSPD,Героиновый шик,136.0,G#,major,0.438,0.876,0.687,0.339,0.2317,0.285,2012.8,4532.6,2420.0,0.014,0.0675,21.592,5.45,0.89,106.08,3.65,20.67,8.35,ok
kw0hi9j8b7s,Sleep Party People,I'm Not Human At All (Copenhagen X Sessions),117.5,B,minor,0.742,0.516,0.876,0.118,0.2581,0.421,1645.5,3422.4,1932.2,0.0067,0.0689,23.876,2.06,0.797,133.33,-11.12,15.37,-0.79,ok
sf5IoANFQU8,Masha i Medvedi,Ljubochka,117.5,G,major,0.41,0.82,0.763,0.26,0.1989,0.294,2156.4,4461.5,2245.1,0.0163,0.1046,23.018,4.22,0.846,101.38,-15.49,32.18,-0.11,ok
tLULDSpvDNE,LoVibe.,a good man with a broken heart - slowed,152.0,C#,minor,0.743,0.514,0.848,0.154,0.2148,0.407,1086.3,2127.6,1575.6,0.0052,0.0339,22.632,2.7,0.926,142.61,4.89,40.82,3.44,ok
k-v37rX_ZfY,LMRT,OPEN YOUR MIND,129.2,F#,major,0.333,0.666,0.445,0.201,0.2412,0.654,1766.8,3887.0,2265.0,0.0087,0.0574,23.202,3.16,0.864,100.84,16.25,23.31,9.46,ok
1SHW0QKox84,Extrawelt,Soopertrack,129.2,A#,minor,0.533,0.934,0.433,0.146,0.2355,0.264,1212.2,2638.2,1718.6,0.0039,0.02,21.885,4.28,0.922,99.6,63.67,56.17,29.71,ok
yMiIrAxQhFA,Sidewalks and Skeletons,Goth,117.5,G#,major,0.32,0.64,0.495,0.374,0.2191,0.477,1932.5,4376.7,2249.4,0.0105,0.0653,23.142,4.68,0.961,103.47,-5.36,30.73,4.35,ok
Ro0vTEuSUuo,Chezile,Beanie,136.0,C,major,0.104,0.208,0.842,0.106,0.2669,0.355,1719.4,3705.4,2084.3,0.0092,0.0701,24.083,2.18,0.855,118.37,0.5,33.05,-1.52,ok
qeAtG8wW7Vw,Aloboi,Give Me More (Just Rawer),161.5,C#,major,0.377,0.754,0.699,0.086,0.2243,0.337,2182.3,5057.3,2456.7,0.0192,0.0803,22.402,3.42,0.736,98.79,-1.07,24.45,6.28,ok
KIjoqpG4B9w,Vessel,Red Sex,129.2,C,minor,0.669,0.662,0.397,0.171,0.3392,0.375,2375.9,5342.7,2606.5,0.0172,0.0678,21.737,4.24,0.968,77.71,5.17,39.27,6.48,ok
qe8Q7mjxjig,Daft Punk,Veridis Quo,107.7,A,minor,0.771,0.458,0.477,0.566,0.1366,0.59,930.9,1537.5,1520.7,0.0007,0.0449,25.512,5.55,0.947,163.87,42.81,7.4,-3.04,ok
OCq_bGUb2SA,BADGRUB,BADGRUB - Katyusha,161.5,F,major,0.189,0.378,0.795,0.144,0.3399,0.339,2938.2,5980.7,2645.7,0.0502,0.1424,20.409,3.78,0.85,63.39,-9.28,26.61,-0.06,ok
pQsF3pzOc54,Mac DeMarco,Chamber Of Reflection,129.2,B,major,0.467,0.934,0.56,0.135,0.2386,0.222,1635.1,3395.2,2031.2,0.0073,0.0714,24.19,2.68,0.79,132.61,6.14,5.01,-1.24,ok
7A6l749SvSI,Lance Savali,TN's,89.1,E,major,0.36,0.72,0.506,0.288,0.2629,0.556,2399.8,4989.8,2431.8,0.036,0.1031,21.169,5.1,0.765,86.57,-4.81,14.82,-3.1,ok
8XJb6j2Sx-0,mikeeysmind,Resonance x Genesis x Not allowed (Slowed),129.2,C#,minor,0.538,0.924,0.493,0.041,0.2344,0.254,1049.1,1940.7,1573.5,0.0008,0.0314,24.635,3.91,0.917,166.25,-9.98,14.95,4.9,ok
nXzW8C_EbCw,Dayte tank (!),Джинн,136.0,C,major,0.39,0.78,0.78,0.201,0.3365,0.08,2217.8,4731.2,2394.0,0.0183,0.0887,21.742,4.05,0.832,91.41,-8.05,37.44,5.51,ok
AJ21voLY3BU,Mother Mother,Hayloft,95.7,A,minor,0.816,0.368,0.671,0.228,0.2926,0.23,2721.1,5495.1,2544.7,0.0359,0.1318,22.238,3.63,0.71,70.2,-12.76,35.75,5.11,ok
9TPzVDMHLik,Berk B,Petit Biscuit - You (Slowed Down Edit),172.3,F,minor,0.565,0.87,0.789,0.037,0.2662,0.204,361.8,541.8,557.8,0.0,0.0242,24.787,3.82,0.768,198.76,85.83,28.87,11.84,ok
O5xwx_QzEFw,Sohodolls,Bang Bang Bang Bang,95.7,F,minor,0.738,0.524,0.75,0.19,0.2493,0.359,2024.2,4288.1,2334.8,0.0139,0.0687,23.357,3.78,0.804,116.53,13.22,17.71,2.52,ok
h3gGxT1c6Lw,"Videoclub, Adèle Castillon, Mattyeux",Roi,107.7,F#,minor,0.713,0.574,0.783,0.296,0.1889,0.263,1820.8,4057.6,2362.7,0.0083,0.0508,23.784,2.98,0.781,111.63,26.98,34.95,12.41,ok
T6yApSiqxuI,Олеся,Прыгай вниз,99.4,E,minor,0.878,0.244,0.746,0.087,0.243,0.382,2388.5,5035.7,2432.2,0.0129,0.0946,24.652,4.23,0.787,78.41,4.01,47.76,-9.24,ok
0X3CJcJrGkU,my head is empty,what if this is the real nightmare,89.1,G,minor,0.777,0.446,0.831,0.028,0.3027,0.188,402.1,563.0,860.9,0.0,0.0162,23.178,1.42,0.806,197.07,52.38,36.87,11.68,ok
YQCeLscRU4k,𝑏𝑜𝑝𝑒𝑒𝑝 ₊˚ ᗢ,VIDEOCLUB - Roi [Instrumental] °˖✧˚,107.7,F#,minor,0.57,0.86,0.768,0.35,0.2096,0.423,918.8,1882.3,1198.4,0.0018,0.037,25.385,2.46,0.887,169.65,21.65,21.37,9.89,ok
w1nGMgaukcE,MGMT,When You Die,143.6,D,major,0.233,0.466,0.804,0.279,0.2763,0.302,2099.9,4545.1,2439.0,0.0165,0.0865,22.698,4.02,0.82,104.57,5.58,22.9,5.92,ok
fsrc_njfRTM,Jack Stauber,Beird,92.3,C#,minor,0.654,0.692,0.763,0.45,0.1834,0.385,1579.5,3326.2,1885.8,0.0101,0.0615,23.233,4.06,0.815,129.21,13.56,33.01,6.67,ok
MXkZ-eeGs6A,Człowiek Drzewo,Tame Impala - Borderline (Single Version),99.4,G,minor,0.591,0.818,0.72,0.399,0.2176,0.482,2565.2,5649.7,2665.4,0.0264,0.1047,22.62,5.28,0.866,82.55,1.15,15.9,0.57,ok
niUDtr9m4uU,Alex G,Mis,123.0,C,major,0.429,0.858,0.829,0.188,0.1479,0.436,1272.5,2532.3,1690.4,0.0026,0.0572,24.995,2.86,0.735,149.35,-9.54,28.57,17.93,ok
_kgOTj2eaSY,Rory in early 20s,陽だまりの寒さ,143.6,B,minor,0.687,0.626,0.806,0.431,0.2488,0.532,2016.0,4037.0,1995.3,0.0128,0.0987,22.688,4.1,0.884,104.31,-31.3,39.79,-12.27,ok
TlMgAsAmQKE,Cults,Always Forever,161.5,D#,major,0.305,0.61,0.737,0.124,0.2782,0.203,2035.3,4290.2,2231.4,0.01,0.0833,23.203,2.54,0.831,101.24,-16.12,19.54,-1.79,ok
dQkZve4_B2A,Mitski,I Bet on Losing Dogs,83.4,A,minor,0.679,0.642,0.595,0.136,0.1897,0.19,2438.4,5507.2,2735.4,0.0204,0.0955,22.634,2.85,0.867,88.79,6.14,24.92,11.34,ok
6Rgxqo3FNJs,Alex G,Race,86.1,E,major,0.204,0.408,0.836,0.153,0.2491,0.298,2079.1,4527.3,2410.1,0.013,0.0854,22.616,3.14,0.823,101.37,1.91,30.26,4.74,ok
IwxtFaKXG0E,Alone in My Room,Gasoline,92.3,D#,minor,0.705,0.59,0.735,0.25,0.2985,0.159,2362.5,4831.3,2455.1,0.0196,0.0982,22.951,5.4,0.86,80.15,-9.35,34.82,9.85,ok
EDOr7b876i8,Jfarrari,Timeline,78.3,G,major,0.499,0.998,0.733,0.181,0.2138,0.205,2489.2,5646.1,2681.7,0.0241,0.0892,22.214,4.87,0.896,81.0,9.67,34.69,11.68,ok
12rsVkwSsXU,Mitski,Washing Machine Heart,107.7,A,major,0.33,0.66,0.74,0.197,0.2961,0.193,2285.2,5216.0,2600.7,0.0163,0.0841,22.695,3.63,0.879,94.3,1.05,23.18,10.07,ok
5PgdZDXg0z0,David Bowie,Space Oddity,136.0,C,major,0.489,0.978,0.768,0.188,0.092,0.406,2025.1,4402.3,2303.2,0.0142,0.0833,23.03,3.58,0.809,104.06,-1.3,38.18,6.09,ok
e2qG5uwDCW4,Jack Stauber,Buttercup,117.5,D,major,0.44,0.88,0.615,0.139,0.2077,0.338,1241.0,2449.6,1390.7,0.001,0.0594,25.702,3.23,0.79,154.66,-31.13,38.69,-10.75,ok
JTeTbBKN8jA,VISHES,Чистое сияние,107.7,C,minor,0.507,0.986,0.744,0.438,0.2506,0.387,2602.2,5833.6,2825.5,0.026,0.0961,21.355,5.33,0.776,86.86,20.95,27.15,21.67,ok
dBubcKr93K0,Aphex Twin,Ptolemy,117.5,G#,major,0.498,0.996,0.578,0.15,0.2462,0.342,1823.1,4337.7,2393.1,0.0059,0.0494,20.992,6.19,0.859,113.09,23.02,30.9,0.67,ok
LfX6JxfND44,The Rah Band,Messages from the Stars,103.4,F#,minor,0.734,0.532,0.574,0.387,0.1436,0.474,1762.7,3765.1,2116.5,0.0077,0.072,23.006,5.06,0.795,113.45,0.21,30.61,2.94,ok
tNvp-BMUZik,Jack Stauber's Micropop,Fighter,136.0,A,minor,0.743,0.514,0.789,0.173,0.1673,0.405,1646.1,3258.9,1739.9,0.0087,0.0762,25.087,2.51,0.761,122.12,-8.25,35.59,5.23,ok
tCIXR_S_bW4,corn wave,apple flavoured feeling of friendship,152.0,A#,major,0.257,0.514,0.855,0.246,0.1745,0.353,2000.8,3982.3,2111.0,0.0122,0.0976,22.501,4.09,0.851,109.84,-24.37,32.56,-3.56,ok
HZik4fKw3G0,Jack Stauber's Micropop,Two Time,99.4,C,major,0.198,0.396,0.741,0.391,0.1308,0.486,2271.6,4891.5,2437.9,0.0153,0.082,24.263,3.78,0.737,79.79,9.47,34.63,5.93,ok
nbCOAPR33ME,Radiohead,Karma Police,152.0,D,major,0.267,0.534,0.664,0.131,0.2271,0.399,1956.1,4446.2,2454.3,0.0105,0.0606,23.828,2.85,0.732,102.64,15.65,30.33,16.93,ok
NUnXxh5U25Y,Radiohead,Everything In Its Right Place,123.0,C,minor,0.699,0.602,0.736,0.108,0.2111,0.165,1888.2,4508.1,2522.8,0.0073,0.0665,24.982,2.94,0.819,117.08,34.88,23.93,8.32,ok
SWATpeuKlng,yungatita,7 Weeks & 3 Days,129.2,B,major,0.469,0.938,0.547,0.261,0.2191,0.44,2592.6,5804.6,2781.8,0.0237,0.103,23.771,4.66,0.813,88.35,16.94,7.45,2.62,ok
c4j9Z9bwBBU,Kero Kero Bonito,I'd Rather Sleep,143.6,A#,major,0.178,0.356,0.88,0.209,0.2241,0.427,1949.2,4446.9,2416.6,0.0272,0.071,23.948,4.34,0.833,105.61,53.07,19.92,8.55,ok
KdqzgAKoHTU,Валентин Стрыкало,Бесполезно,99.4,D,major,0.25,0.5,0.686,0.276,0.0935,0.326,1390.9,2894.3,2001.8,0.0048,0.0364,23.133,3.39,0.814,123.83,25.46,33.97,13.59,ok
WbA0dXDaqn4,Teddy Vogel,Not Enough,95.7,E,minor,0.696,0.608,0.682,0.147,0.1557,0.333,1133.1,2315.8,1638.7,0.0013,0.04,24.11,1.96,0.836,143.5,-8.63,36.07,21.9,ok
p3NZn0mA_XI,Mazzy Star,Look On Down From The Bridge,123.0,C,major,0.15,0.3,0.918,0.021,0.1171,0.244,743.6,1226.6,1445.7,0.0006,0.0234,25.9,1.76,0.668,154.04,37.01,45.28,23.86,ok
aBKEt3MhNMM,David Bowie,Starman,99.4,C,major,0.146,0.292,0.819,0.242,0.1259,0.355,2639.2,5996.3,2773.0,0.0249,0.1049,22.934,3.9,0.723,75.44,15.84,31.96,9.7,ok
ulj5UJ5GHvE,Aphex Twin,Alberto Balsalm,95.7,D#,major,0.36,0.72,0.738,0.247,0.1063,0.524,1764.1,3695.2,2020.0,0.0122,0.0624,23.542,4.81,0.856,121.08,7.12,22.73,-9.17,ok
nSci3-eoS_Y,Maddie Ashman,Dark,129.2,D,major,0.319,0.638,0.631,0.253,0.0483,0.932,1865.4,3553.7,2062.6,0.0092,0.0871,25.631,2.41,0.655,89.87,-8.76,12.62,2.51,ok
rXPpZEqG2eA,Ludovico Einaudi,Nobody Knows,58.7,G,major,0.209,0.418,0.937,0.02,0.0502,0.554,405.0,486.9,823.9,0.0,0.0257,24.29,2.36,0.727,163.78,87.2,29.75,11.48,ok
7M6pS2jANXA,Daniël Tomàs,Equinox,215.3,E,minor,0.829,0.342,0.871,0.032,0.0522,0.61,441.7,525.3,849.5,0.0,0.0268,24.331,1.96,0.633,151.6,78.44,31.65,15.29,ok
Bmbvfe93x4s,ФИНПРИВИВКА,"Ослик, суслик, паукан и мокренькая кисонька",95.7,G#,minor,0.659,0.682,0.395,0.146,0.0284,0.625,1702.1,3450.6,1824.8,0.0385,0.0638,26.941,4.65,0.676,100.7,1.9,51.16,-11.68,ok
cxIT1GQZZTs,Гипнобаза,Последний день весны,143.6,B,major,0.139,0.278,0.906,0.283,0.2661,0.3,2335.0,5263.9,2587.7,0.0201,0.0839,22.381,3.45,0.839,91.2,7.45,25.36,7.65,ok
ewndA-tF_Ao,"Khatia Buniatishvili, Johann Sebastian Bach","Bach: Prelude in B minor, BWV 855a (Arr. by Alexander Siloti)",103.4,B,minor,0.753,0.494,0.82,0.023,0.0231,0.533,562.7,749.9,616.7,0.0,0.0492,24.776,3.26,0.632,193.88,52.66,-4.77,-2.68,ok
xGp0-MYEbxg,OCEAN187,ICY SHINE 666 X GODLESS - SECT,112.3,D#,minor,0.838,0.324,0.464,0.126,0.5022,0.254,2377.2,5015.3,2395.9,0.0119,0.0821,20.602,5.81,0.84,72.7,-1.54,60.72,-0.84,ok
qYcoJpqCha4,Nujabes,aruarian dance,99.4,G#,minor,0.768,0.464,0.52,0.48,0.242,0.488,1074.5,2159.6,1519.9,0.0023,0.0445,23.231,4.04,0.92,155.42,8.07,45.98,5.09,ok
ZDgNiNLqrvU,corn wave,velvet,112.3,E,minor,0.785,0.43,0.653,0.249,0.2635,0.196,1163.9,2276.9,1336.3,0.0038,0.0642,22.533,4.31,0.87,179.7,-34.27,24.72,0.71,ok
ZEMBDKMtHqM,Nirvana,Come As You Are,123.0,D,minor,0.648,0.704,0.499,0.298,0.2342,0.221,2665.3,5810.0,2688.8,0.0282,0.1183,22.162,2.78,0.822,73.37,5.2,38.58,9.15,ok
CvjRlYpXS5U,Radiohead,Jigsaw Falling Into Place,83.4,B,minor,0.677,0.646,0.689,0.156,0.2758,0.186,2029.5,4657.3,2558.2,0.0157,0.0642,21.827,4.49,0.831,104.23,20.26,23.74,8.9,ok
Mu9G2zm1PhE,Кровосток,Куртец,136.0,E,minor,0.788,0.424,0.771,0.374,0.1966,0.274,2031.4,4290.4,2313.8,0.0174,0.0829,23.503,5.11,0.774,118.62,4.51,12.45,14.1,ok
Y_J5MG2rNH0,NESYA,delulu,95.7,C,minor,0.831,0.338,0.73,0.236,0.2608,0.337,2624.7,5547.2,2660.2,0.0289,0.1112,22.492,5.33,0.886,79.01,-1.82,20.45,13.62,ok
ZJTuh5cW-SY,TTSSFU,I Hope You Die,152.0,A,minor,0.831,0.338,0.787,0.205,0.1753,0.242,1571.4,3344.9,2099.7,0.005,0.0588,22.981,4.39,0.904,113.88,4.37,52.75,25.22,ok
TR5jmT0IRms,corn wave,dvd,129.2,F#,minor,0.867,0.266,0.866,0.118,0.2662,0.14,1099.1,2085.8,1406.6,0.0017,0.0507,22.553,4.38,0.901,181.93,-19.01,27.87,-9.86,ok
XpieZ5mLJRo,moonvampire  ,vampire,71.8,A,minor,0.506,0.988,0.587,0.318,0.1961,0.378,1804.3,3824.3,2011.7,0.0086,0.0715,21.975,3.85,0.92,119.54,-14.07,37.14,-3.74,ok
ei3PlyG8S4Q,Jfarrari,Here Lies Assumptions,99.4,D,minor,0.808,0.384,0.718,0.193,0.2117,0.201,3054.4,6221.6,2648.3,0.0494,0.1583,22.642,5.07,0.847,61.9,-17.35,27.65,10.89,ok
Xps2MU_uVps,Los Retros,Someone To Spend Time With,89.1,E,major,0.221,0.442,0.806,0.246,0.1419,0.394,1334.5,2742.7,1750.6,0.0054,0.053,23.866,3.25,0.846,139.39,5.32,35.92,4.78,ok
21iLn_Kth3g,Sonic Youth,Incinerate,76.0,D#,major,0.422,0.844,0.843,0.222,0.2689,0.168,1653.8,3728.0,2199.1,0.0079,0.0529,22.005,4.62,0.766,119.4,8.45,36.69,13.59,ok
3vEiqil5d3Q,The Rare Occasions,Notion,161.5,A,major,0.391,0.782,0.672,0.264,0.3165,0.333,1935.2,3836.4,2160.2,0.0113,0.0899,22.6,3.62,0.757,107.62,-18.4,26.35,8.91,ok
FvGwWacBIgA,Alone in My Room,Waiting,136.0,F,minor,0.643,0.714,0.806,0.403,0.3673,0.331,2346.4,4773.6,2266.5,0.0247,0.1138,21.059,2.75,0.849,89.13,-24.16,45.06,5.59,ok
hTWKbfoikeg,Nirvana,Smells Like Teen Spirit,117.5,F,minor,0.531,0.938,0.766,0.351,0.2105,0.277,2707.4,5498.6,2559.6,0.0406,0.1335,21.697,2.04,0.806,66.5,-6.67,38.65,10.96,ok
g78_lRoomcE,Pastel Ghost,Dark Beach,129.2,D,minor,0.709,0.582,0.693,0.334,0.2997,0.274,2008.6,5022.1,2530.1,0.0088,0.0624,21.959,5.97,0.948,106.16,15.7,32.46,5.6,ok
mB16VZbXcRk,Электрофорез,Друзья (Ты и я),143.6,G,major,0.29,0.58,0.598,0.353,0.2851,0.327,2496.0,5263.4,2499.4,0.0243,0.1061,22.602,2.85,0.806,82.57,-6.88,26.27,-5.08,ok
84xapsXPhEY,Пасош,я очень устал,117.5,C,minor,0.503,0.994,0.391,0.253,0.202,0.268,2005.7,4198.1,2223.3,0.0148,0.0858,23.063,2.75,0.811,112.89,-9.26,29.89,9.23,ok
aU7JhRNaboE,angel vox,Возвращайся,112.3,E,minor,0.524,0.952,0.745,0.168,0.3382,0.197,1570.0,3682.6,2313.0,0.0051,0.0427,21.817,3.41,0.881,129.23,30.75,32.12,11.78,ok
0FJfjEuX57k,Сова,Остаться,103.4,E,minor,0.761,0.478,0.588,0.298,0.3091,0.233,2746.8,5494.4,2408.4,0.0271,0.1324,23.212,5.09,0.854,68.29,-24.7,36.14,1.34,ok
1_tjOgqG8Yc,Mac DeMarco,My Kind of Woman,92.3,A,major,0.481,0.962,0.545,0.141,0.2349,0.222,2166.5,4665.0,2354.4,0.0155,0.0903,23.66,3.19,0.826,96.45,-3.52,41.07,-4.48,ok
latEhwt1uis,The Cure,Boys Don't Cry,112.3,A,major,0.334,0.668,0.727,0.359,0.1057,0.338,2184.8,4505.2,2291.1,0.0142,0.0996,23.256,5.21,0.764,93.6,-15.12,37.9,4.91,ok
lZMQpP0cf9A,Moonryme,☆ chamber of reflection // mac demarco (lyrics),129.2,B,major,0.292,0.584,0.646,0.128,0.1205,0.239,1599.6,3308.7,2014.3,0.0071,0.0692,24.007,2.62,0.796,134.03,6.47,4.6,-1.22,ok
xRzbLQ_WKPs,David Dean Burkhart,Steve Lacy - Dark Red,86.1,F#,major,0.415,0.83,0.4,0.455,0.2813,0.376,1823.2,3817.0,2134.7,0.0098,0.0783,22.906,2.87,0.871,114.81,-5.35,30.57,-0.7,ok
GpDwK2K2Osk,OTRAVLENNA,Прошлое,129.2,G#,minor,0.832,0.336,0.708,0.145,0.3323,0.211,1381.6,2872.1,1929.8,0.0037,0.0452,23.467,2.98,0.818,134.43,1.79,30.55,15.82,ok
8peONNPthm8,Увула,кафе,107.7,F#,minor,0.712,0.576,0.609,0.327,0.223,0.274,2749.7,6233.9,2838.8,0.0321,0.1168,22.256,4.27,0.818,76.73,11.82,28.32,9.33,ok
Se3CwIJl_cU,Ярослав Чупринов,СТАС ЭКСТАЗ - ПРИКОП,129.2,A,minor,0.603,0.794,0.567,0.3,0.3075,0.361,1772.9,4154.0,2397.2,0.0086,0.0419,21.906,4.59,0.822,99.35,25.67,40.23,18.59,ok
rLSCSeiVxgQ,Television Memories,Moments Alone,86.1,F,major,0.111,0.222,0.834,0.157,0.1963,0.194,1462.7,3040.2,1644.1,0.004,0.0681,23.856,5.1,0.899,155.13,-35.31,33.33,-5.21,ok
dsmfh3QHFMI,Jack Landess,Sun's Out,152.0,D,major,0.344,0.688,0.686,0.475,0.121,0.376,2195.7,4753.9,2407.6,0.0186,0.0865,21.617,4.75,0.865,87.46,-1.62,39.51,12.65,ok
VVethU0NjSY,Dyar Pshder,Dancing in the Crowd,89.1,F,major,0.246,0.492,0.853,0.22,0.1324,0.238,1635.0,3494.7,2180.7,0.0065,0.0592,23.883,2.8,0.787,127.98,19.54,28.64,9.36,ok
lXT8YIZRYmE,Arturs Grebess,Сатана Печет Блины - Логичный лесник,117.5,C,major,0.306,0.612,0.773,0.063,0.1841,0.593,1106.6,2210.5,1577.5,0.0609,0.0363,25.912,2.16,0.733,113.5,20.88,17.38,8.37,ok
_6_ApCGoPgQ,corn wave,coffee,117.5,D,major,0.105,0.21,0.912,0.173,0.2768,0.175,1159.6,2352.9,1589.1,0.0023,0.0438,22.503,4.64,0.847,159.45,-10.12,31.28,1.1,ok
b3okTcZQum0,plenka,No Sleep,129.2,F#,minor,0.595,0.81,0.562,0.512,0.287,0.702,3098.7,6290.1,2758.2,0.0587,0.1642,21.518,3.69,0.808,50.91,2.97,27.23,9.95,ok
2_k_TpGPXNI,mediocre weeb,Sonny Boy ラプソディ OST,117.5,G#,minor,0.667,0.666,0.81,0.286,0.1952,0.507,1402.7,3075.7,1989.8,0.0047,0.048,23.768,4.8,0.658,127.75,23.59,29.92,8.13,ok
JmeRxxCWtMg,Lucio Di Stefano,SUPERCHARGER,107.7,A,minor,0.726,0.548,0.537,0.203,0.3684,0.414,1297.0,2771.1,1657.2,0.0067,0.0478,22.235,4.49,0.833,147.84,0.11,22.99,5.39,ok
XPIUkDhPRMc,superkomfort,фотограф,143.6,F,minor,0.698,0.604,0.507,0.573,0.2364,0.444,2564.7,5344.9,2513.3,0.0329,0.1103,22.678,4.81,0.904,76.59,-2.34,34.48,3.07,ok
JKhYmXEjsak,superkomfort,Last Disco,129.2,G,minor,0.737,0.526,0.485,0.489,0.2717,0.388,1824.5,3862.9,2155.0,0.0156,0.0739,22.943,5.28,0.899,115.54,8.8,28.2,5.14,ok
mN-4NGPCW_w,BUSTER,"Я тупой (feat. lixxx, Frame Tamer & Rostik)",107.7,D#,major,0.308,0.616,0.636,0.231,0.3371,0.416,2740.5,6018.8,2804.3,0.0258,0.1007,22.288,5.19,0.738,74.67,12.59,12.53,10.19,ok
GPS43F4T2Bc,"Baby Cute, OG Buda",shock,136.0,A#,major,0.291,0.582,0.784,0.128,0.3743,0.353,2574.2,5770.9,2822.9,0.0223,0.078,22.124,4.61,0.737,82.23,12.2,14.3,14.44,ok
ftUJb3jrIW8,ЯРЧЕ СОЛНЦА,Не хочу,95.7,G#,minor,0.705,0.59,0.632,0.288,0.1934,0.366,1996.2,4087.1,2102.8,0.0138,0.0914,22.526,4.89,0.865,107.63,-14.28,40.07,-3.84,ok
jFgce8SNGVM,Второй этаж поражает,Крайности,152.0,C#,major,0.394,0.788,0.712,0.223,0.1762,0.201,1716.8,3711.1,2220.8,0.0084,0.0652,23.384,4.11,0.818,128.9,13.68,13.3,-1.68,ok
a0nPjZkxCzQ,"Eliza Rose, Interplanetary Criminal",B.O.T.A. (Baddest Of Them All) [Edit],136.0,C,major,0.478,0.956,0.691,0.358,0.2824,0.35,2203.4,4877.8,2555.5,0.0229,0.0803,21.783,4.65,0.894,91.06,28.77,34.71,6.96,ok
3LmDtTq8fOI,corn wave,soviet encounter problem,112.3,A,minor,0.85,0.3,0.822,0.165,0.2553,0.203,1095.1,2231.0,1259.3,0.0015,0.0544,23.687,3.87,0.888,182.76,-40.61,37.98,11.96,ok
R7bQKkPDoNo,aWannabe,Sunday Mornins,103.4,C#,major,0.498,0.996,0.617,0.125,0.1989,0.318,2472.8,5774.1,2872.9,0.0115,0.0761,23.307,3.99,0.786,84.05,27.71,27.48,19.77,ok
0p1edu68ViI,DOGMA SOCIETY,Take My Hand,80.7,E,major,0.338,0.676,0.682,0.327,0.2014,0.378,2396.5,5133.8,2495.5,0.0242,0.1019,22.297,4.13,0.793,86.05,1.61,37.75,7.89,ok
1CSMcEBrpLs,Max Diaz,Connie,161.5,F#,minor,0.602,0.796,0.796,0.328,0.1992,0.299,1925.4,4465.4,2395.0,0.0104,0.066,22.811,5.55,0.842,107.52,4.73,29.07,20.35,ok
mIScyrpMcMM,Vacations,Close Quarters,86.1,C,major,0.176,0.352,0.778,0.22,0.2929,0.206,1851.4,3917.2,2171.9,0.0119,0.0823,22.185,4.22,0.863,129.1,-14.21,6.94,-4.96,ok
0STBDpLBGZQ,Henry Morris,Taste of Metal,99.4,G,minor,0.775,0.45,0.809,0.108,0.2838,0.293,1714.8,3884.7,2304.2,0.0064,0.047,22.59,2.32,0.729,119.62,7.1,26.0,12.68,ok
Lb9ProFchwg,Vilevo,The Light,161.5,A#,minor,0.682,0.636,0.693,0.365,0.2302,0.299,1541.0,3364.3,2041.0,0.0057,0.0557,23.094,5.42,0.915,128.7,0.01,34.48,4.97,ok
zmcUWuBkUp8,Cloaks,It's a Lie,83.4,F,minor,0.521,0.958,0.705,0.582,0.1669,0.6,1700.3,3866.3,1974.8,0.0067,0.0591,23.606,4.95,0.829,118.13,27.48,29.13,-2.14,ok
MAZ9fkoXhW8,DXRKKNGHT & Indie Anthony,VEX,161.5,G,minor,0.632,0.736,0.679,0.346,0.1454,0.395,2011.4,4432.1,2411.6,0.0134,0.0707,22.555,4.66,0.831,113.54,13.33,16.98,5.06,ok
Z7FxBUdxPbE,Pasteldrip,insomniac,123.0,F#,minor,0.68,0.64,0.626,0.528,0.1906,0.498,2749.9,5890.7,2635.9,0.0375,0.1356,21.945,4.05,0.9,76.93,-8.18,21.53,10.22,ok
XQ22XgKKMvo,конец солнечных дней,письмо,86.1,F#,minor,0.524,0.952,0.448,0.191,0.2728,0.331,2176.1,4530.2,2274.4,0.0165,0.0987,23.463,3.51,0.758,99.94,-15.5,35.83,8.88,ok
CrU-UBETegA,Basement,Covet (alt version),76.0,E,major,0.196,0.392,0.839,0.075,0.2554,0.254,1770.9,3944.7,2196.0,0.0055,0.0459,24.408,3.09,0.846,101.38,-5.88,41.55,8.53,ok
LVn5k88DmUM,Basement,Covet,136.0,E,major,0.337,0.674,0.822,0.171,0.2596,0.137,2889.7,6015.4,2680.7,0.0411,0.134,21.643,1.99,0.773,61.61,3.04,42.92,6.86,ok
LDslNhTo-Fw,Don Luxe,When You Dream,129.2,B,minor,0.551,0.898,0.634,0.211,0.237,0.239,2267.1,5099.5,2573.3,0.017,0.0893,23.282,3.26,0.821,90.96,7.04,34.25,11.42,ok
7PwfAz94t3U,French Police,Hidalgo,99.4,A#,major,0.122,0.244,0.717,0.177,0.123,0.292,2505.8,5277.9,2581.2,0.0243,0.0982,22.717,5.47,0.875,80.04,0.22,28.01,7.35,ok
Hlz6I84lQfM,Desmond Doom,Take Me Back,83.4,G#,minor,0.827,0.346,0.879,0.178,0.1454,0.241,1318.4,2666.7,1515.1,0.0034,0.0572,22.973,5.16,0.872,162.35,-11.11,38.92,-11.68,ok
-n3U_Ge9KMQ,Fevr,I can't do it no more,161.5,E,minor,0.686,0.628,0.597,0.128,0.2325,0.155,1587.7,3589.5,2185.8,0.0057,0.0494,23.466,3.99,0.85,122.61,13.03,26.95,16.5,ok
_NVG0A71KtA,Max Fry,stare at the sun,95.7,G,minor,0.828,0.344,0.811,0.353,0.2291,0.447,1969.9,3972.0,2039.7,0.0208,0.0981,21.641,2.49,0.855,120.23,-24.69,12.46,4.02,ok
0KXDAhm7orA,Casket Cassette,Symbiosis,103.4,C#,minor,0.622,0.756,0.619,0.265,0.2845,0.206,1730.3,3604.3,1922.5,0.0087,0.0724,22.367,4.24,0.841,127.53,-29.06,32.29,1.43,ok
zq0THWhvwzw,Alone in My Room,Rain Man,152.0,A,major,0.398,0.796,0.523,0.324,0.2032,0.347,1462.7,2711.0,1422.4,0.0028,0.0878,23.984,4.59,0.862,151.73,-54.96,18.79,-6.53,ok
Qk-WMX-r2TM,Jfarrari,Reborn,143.6,A,minor,0.835,0.33,0.799,0.166,0.2189,0.173,2528.9,5526.8,2600.3,0.0268,0.0917,21.918,3.89,0.821,78.39,1.9,36.02,6.67,ok
ae3lLoORkAE,blood club,alone,117.5,F#,major,0.472,0.944,0.495,0.432,0.186,0.342,2272.9,4890.7,2365.9,0.0251,0.101,22.337,5.14,0.87,101.24,-9.36,26.31,7.19,ok
2bQqYndT5po,urbandoned.,Find Love or Die Trying!,143.6,D,minor,0.879,0.242,0.809,0.193,0.2006,0.218,1323.4,2676.2,1630.2,0.0036,0.0517,23.972,4.49,0.907,154.48,-22.49,26.2,3.92,ok
NLaPJnmrhag,moonvampire,dead Inside,143.6,C,major,0.456,0.912,0.627,0.156,0.32,0.357,1394.8,2927.4,1607.2,0.0045,0.0491,23.034,3.17,0.845,150.42,-25.85,34.51,6.62,ok
cywwzbnw-ao,Simulacixn,Oscuridad,161.5,A#,minor,0.848,0.304,0.822,0.138,0.1185,0.182,1346.7,2725.3,1703.5,0.0036,0.0515,22.962,4.76,0.789,145.77,-18.43,19.26,16.71,ok
2FHkSvQoqBQ,Motorama,The New Era,143.6,C,minor,0.879,0.242,0.853,0.154,0.2302,0.194,1988.1,4523.9,2495.6,0.0109,0.0612,22.988,4.93,0.866,111.57,41.16,30.5,1.87,ok
pbKhoYc9Rlc,YDA Danial,a new yesterday indie 2000.wav,95.7,F,major,0.476,0.952,0.637,0.201,0.1764,0.297,2036.6,4167.5,2157.5,0.0158,0.08,22.17,3.96,0.88,104.45,-21.27,29.09,-0.34,ok
dSavUWnW8XY,blood club,gloom,161.5,B,minor,0.726,0.548,0.863,0.224,0.1555,0.241,2145.5,4376.4,2281.8,0.0142,0.087,23.081,4.89,0.895,97.42,-19.9,35.11,12.56,ok
EJPvCa2rlNs,Casket Cassette,Into the Sun,161.5,F,minor,0.687,0.626,0.565,0.15,0.2957,0.249,2026.5,4393.3,2324.5,0.0142,0.0666,22.562,4.44,0.879,100.44,0.21,31.89,13.19,ok
c1QptRM4OMg,Espectros,Abismo,161.5,D#,minor,0.54,0.92,0.573,0.195,0.168,0.185,2383.8,5223.5,2519.5,0.0192,0.0935,23.131,5.25,0.906,90.73,-2.54,28.1,11.42,ok
5wIqOJMcyQI,Asal,no good,143.6,E,minor,0.872,0.256,0.902,0.282,0.193,0.498,2872.9,7021.3,3117.9,0.0183,0.1061,23.579,3.71,0.818,84.52,18.02,2.9,20.07,ok
kfQiX3-p3uc,Jfarrari,Try,83.4,F,major,0.17,0.34,0.793,0.154,0.206,0.159,2819.9,6075.7,2720.2,0.0349,0.1147,22.34,3.42,0.853,68.42,-5.33,34.53,19.68,ok
_XB39Dy111Q,DEATH BY NATURE,TRANSPARENCIA,86.1,D,minor,0.802,0.396,0.638,0.205,0.224,0.29,1915.7,4263.7,2257.1,0.0092,0.0541,22.394,4.47,0.879,102.59,0.88,44.81,9.16,ok
mBArOpniBZE,Jah Phnx,Dark Abyss,161.5,C#,minor,0.555,0.89,0.574,0.195,0.2536,0.336,1712.6,3737.0,2074.9,0.0076,0.0543,21.73,3.89,0.836,113.41,0.25,49.87,3.82,ok
hH_ehHddUcc,Guerra Fría,Donde Solíamos Bailar,83.4,G,minor,0.73,0.54,0.799,0.157,0.2475,0.228,1314.8,3031.7,1589.7,0.0008,0.05,24.529,5.73,0.865,155.4,-31.96,63.78,-13.29,ok
bRxMMP08Jk4,Harsh Symmetry,Your Eyes,107.7,B,minor,0.589,0.822,0.751,0.107,0.2327,0.268,1843.5,3981.0,2113.3,0.029,0.0697,23.266,3.6,0.866,119.64,-5.22,32.31,5.47,ok
_V7TYTRvjXs,novamarchi,poison & cure,86.1,C#,major,0.457,0.914,0.85,0.292,0.2216,0.202,1824.6,3683.4,1977.2,0.0124,0.0809,23.509,4.07,0.788,128.0,-25.83,14.99,-8.37,ok
sTMLq3nliLg,Sleepy Soul,Never Ending Summer,136.0,D,major,0.24,0.48,0.608,0.245,0.2537,0.315,1996.0,4238.0,2306.8,0.0129,0.0745,23.018,3.81,0.846,111.03,-5.87,13.76,6.01,ok
yMMtAT1tvgc,COOL HEAT,Harmless,143.6,A,minor,0.766,0.468,0.836,0.21,0.2383,0.236,1953.6,4015.5,2149.1,0.0122,0.0922,24.007,4.55,0.884,116.83,-19.07,7.94,2.73,ok
r7gkAViYeM8,Made Of Pain,Homicidal,80.7,G,minor,0.544,0.912,0.541,0.11,0.2743,0.121,1667.8,3118.0,1733.7,0.0055,0.101,23.57,5.35,0.917,137.04,-43.66,23.24,12.81,ok
b9E-I_j2-zY,Flowerbabe,gloom,143.6,D,minor,0.8,0.4,0.753,0.198,0.2443,0.265,2146.0,4481.8,2218.9,0.0155,0.0917,23.041,4.89,0.913,97.91,-19.27,36.14,0.49,ok
Fa50nOT6sR4,Occult X,Love,80.7,D#,major,0.253,0.506,0.85,0.253,0.1467,0.298,1399.0,2689.8,1741.5,0.003,0.0602,23.764,4.73,0.891,142.47,-29.85,22.28,15.87,ok
FV_-8DWuq5w,Ploho,Вечер грустных пар,172.3,D,major,0.172,0.344,0.94,0.122,0.2838,0.131,1995.4,4261.4,2387.1,0.0102,0.0667,23.649,5.15,0.879,102.4,2.73,36.11,14.01,ok
wkvpxjFMJ1E,Anthony Valentino,Always On My Mind,161.5,F,major,0.433,0.866,0.601,0.315,0.1007,0.253,1580.8,3298.4,1888.6,0.0079,0.0571,22.596,5.46,0.915,138.16,-8.0,29.66,-8.74,ok
_-I47u6axbM,Jfarrari,I Walk the Line,83.4,F,minor,0.67,0.66,0.621,0.208,0.2322,0.193,2861.4,6083.5,2733.5,0.0427,0.1228,22.623,4.81,0.861,73.01,-6.02,16.95,13.93,ok
mRIOQwB0ASk,DustBowlChampion,SHAKE,89.1,E,minor,0.676,0.648,0.758,0.17,0.3139,0.255,1430.8,2934.6,1626.3,0.0035,0.0673,23.065,4.68,0.901,149.41,-33.83,33.99,7.68,ok
q5go1dovoeM,The Drums,Money,103.4,E,minor,0.692,0.616,0.737,0.242,0.2538,0.229,1850.2,4030.0,2259.0,0.0103,0.0715,22.19,4.93,0.861,112.06,-4.59,23.28,5.5,ok
NII0HwWAAUA,Men I Trust,Billie Toppy,112.3,D,minor,0.8,0.4,0.692,0.227,0.2231,0.282,1318.6,2786.4,1906.7,0.0033,0.0412,22.75,5.0,0.828,145.66,14.03,24.01,7.4,ok
i4EUc-EAL9o,POORSTACY,Don't Look At Me,152.0,E,minor,0.547,0.906,0.377,0.191,0.3392,0.177,1980.4,4390.8,2336.6,0.0125,0.0651,21.584,2.79,0.764,107.87,2.61,27.68,4.25,ok
Sk6HVyZuZDU,DustBowlChampion,IN LIFE IS DEATH,161.5,B,minor,0.862,0.276,0.912,0.133,0.1907,0.232,1876.4,3861.7,2101.3,0.0124,0.0814,23.09,4.18,0.903,122.53,-12.46,16.34,6.45,ok
EZay-NZ2ogA,Yot Club,down bad,92.3,F#,minor,0.64,0.72,0.499,0.197,0.2234,0.153,2361.2,5205.6,2555.2,0.022,0.0926,21.673,5.72,0.857,85.14,3.73,40.0,8.77,ok
DJCB1ZlseJ8,Men I Trust,Show Me How,161.5,A,minor,0.613,0.774,0.827,0.221,0.2015,0.427,1019.2,2045.5,1618.6,0.0023,0.0326,23.316,2.91,0.803,153.12,36.11,30.41,13.26,ok
mXRuE8MJPZ8,bemow,I,83.4,C#,minor,0.741,0.518,0.705,0.311,0.1643,0.446,1643.0,3131.1,1622.3,0.0052,0.0848,23.192,3.75,0.851,136.9,-52.25,28.46,7.01,ok
mrdkB9_92DQ,Alone in My Room,Necromania,143.6,F,minor,0.654,0.692,0.375,0.216,0.2982,0.135,1525.4,3196.3,1746.9,0.0051,0.064,22.412,4.77,0.865,135.89,-28.61,53.36,0.54,ok
8Nwslfg0Tr4,Darkways,I like the night (and the night likes me),161.5,B,major,0.386,0.772,0.719,0.221,0.2463,0.213,2658.9,5113.5,2343.3,0.0285,0.1232,22.469,5.18,0.907,69.8,-31.05,43.15,22.04,ok
b1rU1mo5ZkE,Vestron Vulture,VCR Romance,161.5,C#,minor,0.677,0.646,0.695,0.333,0.2119,0.374,1448.7,3070.8,1977.3,0.0041,0.0527,22.631,5.03,0.913,140.83,-5.91,29.9,25.18,ok
MmfZ3fg1KeA,Lure Division,Night Alive,86.1,C#,major,0.112,0.224,0.824,0.131,0.2099,0.212,1426.0,2870.6,1612.8,0.0044,0.0661,23.242,4.97,0.941,157.61,-29.95,31.22,-11.54,ok
nDf3EB2PhEo,Vacations,Next Exit,161.5,G,major,0.446,0.892,0.728,0.208,0.251,0.296,2103.9,4427.2,2208.5,0.0169,0.0917,22.635,4.52,0.821,108.76,-22.73,30.04,-1.24,ok
vcvhsevwiBg,bloody/bath,Unholy Cross,78.3,A,minor,0.694,0.612,0.814,0.119,0.2302,0.205,1674.3,3548.3,2002.9,0.0077,0.0645,22.907,3.81,0.867,126.91,-13.66,26.47,0.88,ok
m6wSkIbQdEc,Haunt Me,I Miss Your Lips Against Mine,152.0,A#,minor,0.86,0.28,0.746,0.21,0.3474,0.253,1820.2,4059.9,2162.1,0.0089,0.0572,23.532,3.72,0.867,113.76,-9.9,42.53,15.69,ok
2z5RpxQxnDQ,blood club,blush,152.0,A,minor,0.676,0.648,0.605,0.332,0.1507,0.295,2147.1,4421.2,2222.8,0.0155,0.0917,22.84,4.45,0.894,100.39,-24.02,35.19,12.15,ok
aj81tp1jl8E,French Police,Memoria,83.4,D,minor,0.776,0.448,0.632,0.182,0.1791,0.28,1958.5,4389.4,2170.2,0.0073,0.0703,24.06,5.37,0.884,104.42,-13.8,48.56,1.47,ok
lKOPopx2myM,Alone in My Room,Fall Away,184.6,A#,major,0.386,0.772,0.811,0.039,0.1155,0.468,1056.4,2012.4,1336.4,0.0008,0.0498,26.643,4.35,0.743,161.37,-9.0,22.85,18.33,ok
ixBqdNQCq94,Provoker,Rose In A Glass,143.6,D,major,0.293,0.586,0.645,0.228,0.3143,0.234,2104.4,4661.6,2477.5,0.0172,0.0779,22.273,4.69,0.862,108.35,-1.63,10.19,8.86,ok
K0b0AZ6pdgw,Lure Division,Neuralyzer,172.3,A,major,0.102,0.204,0.928,0.172,0.2363,0.146,1743.0,3757.2,2112.9,0.0085,0.0692,22.23,5.66,0.942,124.18,-8.09,29.54,1.81,ok
GSn1v4BVLcA,Буерак,На старых сидениях кинотеатра,89.1,D#,major,0.231,0.462,0.85,0.185,0.2168,0.158,2720.3,5859.2,2716.5,0.0298,0.1196,22.835,5.42,0.867,77.28,13.56,34.29,4.58,ok
b0CVHWshEOg,Nürnberg,Biessensoŭnasć,172.3,A#,minor,0.688,0.624,0.792,0.185,0.2136,0.295,2336.5,4895.2,2410.5,0.0126,0.0812,23.191,5.14,0.889,74.95,3.46,60.49,6.99,ok
d6fflIdJ3-c,blood club,pain,117.5,A#,minor,0.56,0.88,0.534,0.194,0.2159,0.321,1861.6,4101.3,2034.2,0.0103,0.0704,23.045,3.18,0.909,116.66,-18.17,43.22,1.01,ok
GwrLUr01NOY,Jfarrari,Blood Moon,92.3,B,minor,0.818,0.364,0.835,0.19,0.2239,0.189,3075.9,6213.5,2660.4,0.0523,0.1494,22.292,4.99,0.849,62.62,-12.55,27.58,1.18,ok
WPjUfPevYLA,Desmond Doom,It's All Falling Down,161.5,B,minor,0.888,0.224,0.864,0.296,0.1595,0.226,1597.2,3206.4,1457.6,0.0024,0.0866,23.74,4.46,0.904,159.02,-73.15,60.53,9.87,ok
alUPxWJizQM,DustBowlChampion,You,161.5,F,minor,0.761,0.478,0.815,0.195,0.1927,0.233,1693.5,3530.5,1868.9,0.0064,0.0752,24.511,4.99,0.944,135.18,-20.22,33.84,-11.57,ok
iaBKE595Fx0,AGTHA,K3Pt (AGTHA Remix),129.2,D,minor,0.548,0.904,0.705,0.24,0.1089,0.242,1462.7,3154.7,1780.7,0.0041,0.0482,23.702,5.2,0.898,141.02,-19.13,25.48,15.58,ok
ZyFclOkXziE,Vestron Vulture,Halloween,152.0,G,minor,0.719,0.562,0.776,0.189,0.2461,0.295,2129.5,4710.3,2483.6,0.0164,0.0759,21.764,4.45,0.878,92.88,8.18,28.97,2.99,ok
QqaD4WXxN-8,DustBowlChampion,Coup de Chance,161.5,F,minor,0.818,0.364,0.867,0.18,0.2498,0.263,1802.6,3838.0,2126.8,0.0123,0.0715,22.697,5.32,0.914,131.88,-9.13,8.02,12.02,ok
-yQVMfx9_i8,Nürnberg,Los,161.5,B,minor,0.657,0.686,0.707,0.15,0.2654,0.18,2968.8,5941.6,2595.5,0.0247,0.1186,24.127,6.18,0.912,50.91,6.25,59.66,12.72,ok
sw73SmoFiDQ,Anthony Valentino,Running Away (Into You),103.4,D,minor,0.625,0.75,0.731,0.227,0.1428,0.236,1781.9,3935.6,2288.8,0.0092,0.0535,22.185,5.27,0.896,114.93,23.71,42.51,-0.21,ok
TBQKY64iYCg,Casket Cassette,Chainless,80.7,D,minor,0.852,0.296,0.776,0.131,0.3081,0.185,2307.8,5126.1,2572.3,0.0192,0.0825,22.596,4.23,0.852,95.02,7.3,25.21,10.87,ok
Cd8BKSGZ3RE,Bragolin,This Grotesque Dance,136.0,G#,minor,0.622,0.756,0.665,0.171,0.2022,0.193,2348.1,5120.0,2573.0,0.02,0.085,23.875,4.39,0.934,86.44,2.32,23.91,11.92,ok
3U7sE61Z98s,This Cold Night,Black Cathedral,161.5,D,minor,0.658,0.684,0.691,0.194,0.1976,0.421,1950.5,4117.7,2140.9,0.028,0.0729,23.573,3.96,0.861,97.62,-3.0,42.12,9.66,ok
WOBa1g7K90U,Obskuros,playa,161.5,F,major,0.499,0.998,0.755,0.189,0.2251,0.345,1553.0,2993.1,1683.8,0.0039,0.0742,23.815,4.23,0.883,137.76,-44.36,28.28,7.83,ok
l8tmbCP7zaY,Human Tetris,Melancholy,172.3,G,major,0.185,0.37,0.683,0.218,0.3019,0.249,1831.3,3703.1,1914.2,0.0129,0.0863,23.282,4.32,0.855,124.06,-29.15,37.14,9.67,ok
iCGYM4sbPG4,Lebanon Hanover,Gallowdance,136.0,D#,major,0.394,0.788,0.497,0.346,0.1912,0.284,2173.1,4139.0,1957.4,0.0187,0.1169,22.748,3.42,0.853,108.19,-24.38,51.14,-3.88,ok
uS1bjGPyry8,Fevr,I can't do it no more,161.5,E,minor,0.711,0.578,0.582,0.148,0.2295,0.185,1595.8,3612.0,2193.3,0.0057,0.0499,23.525,3.99,0.853,121.58,13.08,27.33,16.79,ok
nMyPHrouggg,Shadows Hold,We Don't Exist,80.7,E,minor,0.636,0.728,0.516,0.225,0.1721,0.251,2067.3,4411.8,2302.9,0.0163,0.072,21.865,4.86,0.908,107.77,4.18,42.11,11.57,ok
OIs2WaGCCK8,Anthony Valentino,All For You,117.5,C,major,0.262,0.524,0.682,0.206,0.1344,0.23,1829.8,3835.1,2069.2,0.0083,0.079,22.557,5.45,0.858,117.05,-4.33,45.37,-5.26,ok
P0uzELbI9UE,Vestron Vulture,Phantom,161.5,F,minor,0.515,0.97,0.65,0.209,0.2859,0.211,1838.6,4157.7,2252.1,0.0124,0.0479,20.819,5.12,0.956,105.5,15.7,53.1,15.21,ok
Ka1yZQ5CRPE,DustBowlChampion,I SEE YOU IN EVERYTHING,80.7,F,major,0.433,0.866,0.778,0.093,0.2237,0.184,1264.9,2746.5,1541.2,0.0015,0.0521,23.735,3.29,0.914,155.7,-30.4,51.85,1.25,ok
sbOdoY83Cc0,Sinnerella,Eyes Without A Face,161.5,E,major,0.414,0.828,0.843,0.137,0.3483,0.342,2061.2,4436.2,2346.8,0.0127,0.0627,22.404,4.45,0.849,92.99,-1.45,21.26,10.76,ok
Wg708atUvJs,blood club,kiss and tell,89.1,A#,minor,0.505,0.99,0.652,0.215,0.2201,0.292,2037.8,4415.0,2229.7,0.0158,0.0757,22.944,5.47,0.921,105.18,-12.41,31.2,4.25,ok
rUbMXyOGg-g,Jade Lyel,13th Floor,161.5,E,minor,0.512,0.976,0.622,0.371,0.2807,0.321,1362.1,2867.3,1754.2,0.0041,0.0499,23.086,4.03,0.828,145.76,-8.11,32.49,3.02,ok
wO2twv4KzqM,Lure Division & DustBowlChampion,Zenith,172.3,A#,major,0.268,0.536,0.845,0.135,0.1745,0.321,1513.4,3026.1,1694.3,0.0056,0.0701,23.37,4.1,0.902,151.91,-28.62,10.88,-10.87,ok
MRSe8OXDKFc,moonvampire,bleed,152.0,A,minor,0.542,0.916,0.496,0.216,0.2855,0.461,1726.3,3730.4,2108.0,0.0084,0.0466,22.005,3.55,0.891,117.2,-1.91,32.69,9.52,ok
KAqDh2J-KOA,Shadows Hold,Visceral,152.0,A,major,0.362,0.724,0.753,0.156,0.1495,0.297,1194.6,2619.3,1608.6,0.0031,0.0396,22.926,3.09,0.912,159.98,6.02,30.03,12.96,ok
oGhkLaDRtWQ,Sleepy Opiate,Dusk,161.5,C,minor,0.678,0.644,0.669,0.135,0.1504,0.301,1929.9,4047.8,2178.6,0.013,0.068,21.829,4.91,0.815,116.11,-11.05,22.74,1.24,ok
acw46VNehGU,Kroovys,Abismo,112.3,G#,minor,0.805,0.39,0.797,0.278,0.1511,0.298,2634.3,5881.4,2784.5,0.0224,0.0901,22.7,5.46,0.878,78.25,25.49,24.38,-4.38,ok
DJoPdsGMbH8,Jfarrari,The Unknowing,89.1,B,major,0.288,0.576,0.709,0.224,0.2601,0.314,2089.5,4196.9,2079.0,0.0187,0.0947,23.073,5.25,0.86,101.63,-26.65,38.15,3.49,ok
Fzu3ROqlXtg,Motorama,Pole Star,83.4,C#,major,0.418,0.836,0.717,0.303,0.2443,0.205,2051.4,4376.2,2242.5,0.0151,0.0913,23.091,5.14,0.878,105.95,-4.23,40.52,-5.98,ok
j4FyEabIXVc,NESYA,Burn and Writhe,95.7,G#,major,0.427,0.854,0.625,0.295,0.2502,0.353,2413.8,4784.2,2360.7,0.0185,0.1076,22.754,5.21,0.892,81.56,-16.96,26.83,0.6,ok
puSYkTUFbp8,Lure Division,Away,99.4,G,minor,0.775,0.45,0.725,0.077,0.258,0.158,1930.4,4339.1,2365.8,0.0097,0.0663,23.034,5.97,0.93,110.48,8.89,23.74,-2.94,ok
F4HCl4kFYFQ,Yot Club,japan,83.4,A#,minor,0.616,0.768,0.517,0.203,0.2488,0.237,1741.8,3596.8,2013.9,0.0125,0.0739,22.717,5.13,0.889,128.48,-14.92,20.85,2.84,ok
Kls8mJeqebk,"Убей меня, Эйс!",На две тысячи ярдов,143.6,A,minor,0.708,0.584,0.87,0.209,0.1395,0.453,2477.4,5380.0,2626.4,0.0288,0.1026,22.279,4.12,0.742,84.64,7.78,28.12,10.17,ok
yWbHEzblotE,"Убей меня, Эйс!",Omen,117.5,D,minor,0.746,0.508,0.612,0.45,0.2356,0.423,2055.0,4272.8,2236.1,0.0144,0.0801,22.393,5.25,0.871,101.85,-16.91,32.25,5.61,ok
-3KRa-Xd9t8,"Убей меня, Эйс!",На завтрак будет ужин,172.3,G#,minor,0.65,0.7,0.804,0.154,0.2073,0.342,1885.9,4018.6,2168.9,0.0109,0.0674,22.732,4.9,0.847,109.44,-14.88,33.21,6.51,ok
LumDeE82Suc,конец солнечных дней,"ни шагу назад, ни шагу вперёд",83.4,A,minor,0.537,0.926,0.529,0.396,0.2636,0.372,2254.8,4375.9,2265.8,0.016,0.1148,22.802,5.14,0.912,90.9,-24.6,34.76,8.8,ok
y-GoXJimAjU,Увула,Нам остается лишь ждать,161.5,G,major,0.148,0.296,0.898,0.223,0.2347,0.225,2278.4,4808.6,2427.1,0.0193,0.1,22.4,4.41,0.884,88.19,-8.43,40.4,8.89,ok
xO0eGle9vzA,hehehe,Миражи,89.1,D#,major,0.341,0.682,0.809,0.196,0.1642,0.291,2113.0,4462.8,2311.2,0.0131,0.0872,23.967,5.21,0.839,99.76,-12.01,37.2,11.86,ok
-sSMARZ-1lg,"Kill Eva, ENCASSATOR",Psycho Dreams,143.6,B,major,0.405,0.81,0.35,0.138,0.3706,0.168,1653.6,3987.1,2230.6,0.0041,0.0439,22.979,3.8,0.902,113.19,2.88,34.24,13.46,ok
E_wvREUMTYM,"Lida, Серега Пират",ЧСВ,99.4,G#,minor,0.563,0.874,0.823,0.267,0.2775,0.28,2369.6,5217.9,2527.5,0.025,0.0956,21.545,2.68,0.807,95.25,-2.92,21.62,3.43,ok
HURNV5fobbE,Lida,Секс (Speed Up),143.6,F#,minor,0.76,0.48,0.774,0.278,0.341,0.374,2861.1,6279.2,2851.6,0.0321,0.0938,21.856,4.79,0.755,64.65,6.72,20.98,6.63,ok
N634e7xsD2Y,Какая Разница,Рассвет,99.4,F,major,0.449,0.898,0.518,0.222,0.2367,0.334,2298.5,4999.8,2470.4,0.0288,0.1017,21.731,3.65,0.869,96.95,-11.19,26.04,7.06,ok
8wLFBsjWDg0,Какая Разница,Кто я,112.3,D,major,0.18,0.36,0.852,0.145,0.2379,0.256,2332.2,5103.4,2464.1,0.0172,0.0867,22.344,4.05,0.823,90.3,-7.61,28.79,14.16,ok
wotZOYXtJQo,KXLLSWXTCH,WASTE,129.2,B,minor,0.67,0.66,0.805,0.108,0.1363,0.863,1713.8,3788.6,2322.9,0.0098,0.0525,23.325,2.35,0.769,107.32,20.95,19.74,17.05,ok
vEtbNLCL2bU,KXLLSWXTCH,WASTE (Sped Up Version),161.5,D,minor,0.666,0.668,0.802,0.097,0.1737,0.676,1807.4,3902.0,2367.8,0.0097,0.0569,23.446,2.75,0.751,108.91,12.17,20.81,10.83,ok
csZTPVCLHyk,Kxllswxtch,WASTE,129.2,B,minor,0.687,0.626,0.814,0.108,0.1304,0.905,1744.6,3822.4,2322.5,0.014,0.0566,23.155,2.32,0.769,106.23,20.48,19.14,16.41,ok
ZpSXOz_1cIE,ЯРЧЕ СОЛНЦА,Отпусти меня (sped up),103.4,A,minor,0.619,0.762,0.49,0.3,0.2483,0.208,2415.9,5278.4,2566.0,0.0229,0.1007,21.379,5.31,0.858,87.15,4.6,38.16,-0.69,ok
W_K0hemcU5o,M.I.A.,Paper Planes,172.3,G,minor,0.615,0.77,0.719,0.337,0.2263,0.31,2609.1,5322.9,2516.0,0.0293,0.1196,23.086,5.9,0.822,80.53,-12.99,30.46,10.73,ok
72BPozE2bdM,"Scally Milano, uglystephan",Туда Сюда Миллионер,112.3,F,major,0.393,0.786,0.49,0.118,0.3061,0.541,2639.0,6104.2,2823.8,0.0234,0.0851,23.231,5.08,0.764,73.05,16.95,12.29,17.9,ok
SLEp31H2zzI,мой друг магнитофон,мёртвый вечер,86.1,D#,minor,0.518,0.964,0.468,0.161,0.4187,0.093,2627.1,5446.9,2499.4,0.0305,0.1013,21.84,4.75,0.882,81.03,-9.28,36.2,1.38,ok
YfayLm4miOc,Solus Vir,Secondly,103.4,G#,minor,0.698,0.604,0.803,0.024,0.0162,0.748,377.6,539.4,550.2,0.0,0.024,25.109,1.02,0.661,160.32,72.54,21.29,10.15,ok
-GiF8GOvWYc,Англия,Научись быть,152.0,B,major,0.167,0.334,0.872,0.258,0.2574,0.201,2025.7,4459.8,2415.9,0.0162,0.0763,21.402,3.85,0.835,104.17,8.91,32.6,9.07,ok
OsuNNa56wjs,Англия,Тепло от холодных рук,136.0,A#,minor,0.614,0.772,0.595,0.209,0.2611,0.161,2075.2,4371.0,2281.8,0.0172,0.0881,22.05,3.44,0.867,107.58,-14.03,30.21,8.28,ok
0bN-u_MUpjE,kizaru,Что за бизнес сука?,136.0,D,minor,0.562,0.876,0.688,0.269,0.3334,0.427,2156.5,4688.0,2488.0,0.0106,0.0629,23.942,4.78,0.764,97.09,21.95,22.46,15.98,ok
nujqe_36Qng,Mirèle,Эстетика Грустных Людей (Live),129.2,C,major,0.38,0.76,0.782,0.298,0.2571,0.462,2859.9,6342.8,2903.2,0.0304,0.1136,22.604,5.11,0.881,69.32,9.99,20.89,2.01,ok
ylizQQ73PAw,ASIA ZONE & COVER DANCE NN,RuVie – Viviz – Maniac [ASIA ZONE | OPEN AIR],117.5,D,major,0.445,0.89,0.755,0.178,0.1795,0.134,1614.2,3177.3,1923.9,0.0064,0.0728,22.337,3.05,0.876,131.12,-16.17,20.36,-5.85,ok
KoPwry2jtG8,"забей, лерочка",тебя здесь нет,152.0,G,major,0.448,0.896,0.553,0.157,0.2935,0.217,2038.9,4251.5,2317.6,0.0142,0.0827,22.099,4.54,0.858,108.95,-12.89,21.94,5.44,ok
ZBxyTuAYF4Y,Монеточка,Селфхарм,112.3,B,major,0.406,0.812,0.843,0.322,0.1702,0.267,3011.0,6531.6,2887.4,0.0423,0.1246,22.05,4.34,0.739,68.97,3.13,14.14,4.51,ok
Qskm9MTz2V4,Sheet Music Boss,Rush E 2,161.5,A,minor,0.638,0.724,0.74,0.138,0.1341,0.547,1526.4,2926.1,1678.3,0.0159,0.0798,24.492,3.74,0.574,132.59,-31.99,17.58,-10.39,ok
fdlj8BnOeqo,Beeano,Rush E (impossible!) music box,161.5,A,minor,0.772,0.456,0.804,0.023,0.147,0.497,2061.2,3709.8,2038.0,0.0063,0.1165,25.44,5.35,0.481,64.32,-42.78,-63.81,-41.34,ok
a_NbJCJoUM4,Валентин Стрыкало,Самый лучший друг,99.4,C,major,0.224,0.448,0.806,0.281,0.2941,0.22,2576.9,5051.6,2391.1,0.0297,0.1365,21.974,1.58,0.839,79.28,-25.99,26.47,3.31,ok
eKMLoQzYcxk,ssshhhiiittt!,Ничего,172.3,D#,minor,0.57,0.86,0.334,0.285,0.2084,0.253,2007.1,4083.0,2178.0,0.0143,0.0875,22.343,4.45,0.83,107.82,-13.99,38.28,3.46,ok
AmH4aQzkBOM,hehehe,Очень-очень,99.4,F,major,0.362,0.724,0.781,0.264,0.2622,0.379,2036.5,4314.7,2258.7,0.0148,0.0836,22.497,3.66,0.752,105.24,-6.06,27.26,3.47,ok
uB8pS9Lmr7k,Splean,Вниз головой,152.0,D,major,0.425,0.85,0.761,0.47,0.2294,0.317,2874.9,6233.0,2810.4,0.0386,0.1351,21.433,3.88,0.857,68.29,12.03,37.78,12.79,ok
L9tW7acsaxk,конец солнечных дней,забыты,152.0,F#,major,0.363,0.726,0.577,0.216,0.2835,0.248,1695.3,3801.4,2225.6,0.0066,0.0533,22.533,4.01,0.886,121.8,2.22,32.45,11.02,ok
4OpQK7Cmffw,Буерак,Кожанные туфли,95.7,C,minor,0.797,0.406,0.661,0.181,0.2268,0.167,3021.2,6043.2,2686.4,0.0333,0.149,23.313,5.68,0.899,57.49,7.99,45.37,-1.65,ok
a_cOaRNqjvQ,José Carlos,Homelander Theme | The Boys,112.3,D,minor,0.619,0.762,0.577,0.128,0.1117,0.679,1920.2,3830.4,2031.7,0.0075,0.1053,25.371,1.94,0.755,102.16,-11.46,19.76,2.26,ok
COFdMVKThuI,ssshhhiiittt!,Самым тупым,112.3,B,major,0.261,0.522,0.534,0.276,0.3643,0.163,2915.3,5753.3,2576.5,0.0544,0.1467,21.045,3.59,0.855,66.43,-12.76,35.6,2.44,ok
eZyIPbsIUk0,конец солнечных дней,я ненавижу дрейн,92.3,E,minor,0.669,0.662,0.753,0.25,0.256,0.341,2004.5,3929.7,2147.6,0.0159,0.0878,22.537,3.73,0.819,101.71,-19.33,35.76,13.78,ok
48IqSo8hEz4,Warday,Little Dark Age - Math,112.3,F,minor,0.709,0.582,0.369,0.209,0.2348,0.611,1758.8,4130.3,2369.2,0.01,0.0478,21.067,4.65,0.834,101.57,20.22,37.58,9.7,ok
qubT96VJjGk,конец солнечных дней,разъедаешь мне нутро,92.3,F#,minor,0.907,0.186,0.863,0.263,0.3191,0.231,2017.7,4286.1,2287.3,0.0153,0.0831,22.222,2.58,0.889,107.66,-8.98,29.25,3.88,ok
t0N0dZTsn-w,Linguine,Bad Apple but it's a 3Blue1Brown video,136.0,D#,minor,0.584,0.832,0.413,0.213,0.1088,0.48,2459.2,5591.9,2729.4,0.0199,0.0787,21.775,2.05,0.792,75.94,14.38,29.09,12.92,ok
QofNyoUQZO4,"Mari Samuelsen, Konzerthausorchester Berlin, Jonathan Stockhammer",Richter: November (Single Edit),123.0,A,minor,0.736,0.528,0.762,0.031,0.1124,0.578,1960.7,3653.0,1848.1,0.0021,0.1145,27.204,6.84,0.923,94.84,-45.29,23.33,-16.43,ok
94-PAIMDhaQ,Ludovico Einaudi,Einaudi: Una Mattina,129.2,A,minor,0.786,0.428,0.86,0.015,0.017,0.589,733.8,1168.9,1073.4,0.0001,0.0395,26.633,2.89,0.625,176.51,9.62,1.71,16.54,ok
rKqht5L45sI,"Убей меня, Эйс!",Танцуй,143.6,C#,minor,0.509,0.982,0.572,0.239,0.2436,0.394,2720.6,5784.4,2675.7,0.0321,0.1183,21.725,4.8,0.841,67.52,-2.64,27.43,5.05,ok
gFYodq_VOoU,конец солнечных дней,мне никогда не было грустно без тебя,83.4,D#,minor,0.663,0.674,0.718,0.279,0.2501,0.315,2438.7,4970.0,2518.2,0.0229,0.1044,22.151,4.39,0.883,80.23,-10.37,44.42,21.52,ok
BC_0F9EcL2c,конец солнечных дней,куда катится моя голова?,92.3,B,minor,0.714,0.572,0.657,0.224,0.2068,0.403,2143.1,4392.4,2241.1,0.016,0.0905,22.781,4.14,0.829,91.14,-10.4,31.51,5.94,ok
iIs-6v9wDJc,конец солнечных дней,финала не будет,92.3,A,major,0.342,0.684,0.784,0.302,0.1848,0.285,2225.9,4678.1,2395.4,0.02,0.1052,22.705,3.3,0.742,98.09,-2.48,35.0,4.76,ok
RTn2b_sRm9U,ЩЕНКИ,"Уходи, если хочешь",129.2,E,major,0.485,0.97,0.79,0.286,0.1607,0.274,2391.3,5138.0,2488.0,0.0295,0.1068,21.262,2.91,0.784,93.8,5.01,34.05,0.33,ok
-ynHzJTOdZg,конец солнечных дней,мне всё ещё жаль,136.0,F,minor,0.586,0.828,0.76,0.221,0.264,0.313,1989.7,4123.1,2219.5,0.0171,0.0863,22.253,2.58,0.825,104.52,-8.25,35.09,14.54,ok
VFIHvv3f4FE,конец солнечных дней,последние надежды,92.3,C,major,0.398,0.796,0.501,0.308,0.281,0.306,1980.4,3943.5,2092.6,0.0105,0.0969,22.471,5.09,0.9,109.25,-25.8,42.87,11.01,ok
HuH1JXtyYpI,конец солнечных дней,последний забег / метель,161.5,F#,minor,0.523,0.954,0.856,0.224,0.1516,0.38,1520.6,3075.1,1676.6,0.005,0.0773,24.35,2.69,0.774,149.43,-34.19,24.38,-5.2,ok
KuuEs0oVVS8,Codcast Channel,Silent Love,89.1,F,major,0.46,0.92,0.676,0.174,0.1534,0.301,2174.9,5357.7,2702.5,0.0144,0.0803,21.734,4.39,0.833,102.43,18.66,13.42,10.76,ok
W2Rugts42AU,ssshhhiiittt!,Еще один день,161.5,B,minor,0.705,0.59,0.615,0.2,0.1883,0.185,3105.1,6576.8,2872.0,0.0568,0.1479,21.496,2.66,0.88,69.13,9.33,24.76,1.53,ok
ixjDLdvoC5Q,Violetta Sokolova,Четыре тридцать,99.4,E,major,0.491,0.982,0.679,0.225,0.2958,0.298,2382.1,5100.6,2518.1,0.0267,0.1068,22.014,2.25,0.843,91.95,4.02,27.72,6.13,ok
tMx3V5iVTnw,Автоспорт,Песня о привязанности,103.4,F#,minor,0.505,0.99,0.719,0.218,0.2842,0.103,2115.7,4168.7,2179.1,0.0176,0.1123,21.832,3.04,0.939,103.88,-24.81,32.1,3.54,ok
XZkJIc4jz-E,"Убей меня, Эйс!",Лица,152.0,C,minor,0.527,0.946,0.712,0.147,0.2497,0.179,2078.0,4464.9,2276.9,0.0151,0.0766,23.175,4.19,0.746,101.1,-5.4,36.88,10.47,ok
RSr1-bn66FI,Пасош,Когда тебе грустно,80.7,E,minor,0.833,0.334,0.667,0.369,0.1844,0.333,2035.7,4249.3,2160.7,0.0184,0.0922,22.235,4.23,0.789,105.59,-20.0,23.16,-3.82,ok
FBaujj4i8gM,две тысячи ярдов,верните в моду любовь,89.1,C#,minor,0.504,0.992,0.781,0.232,0.2027,0.372,2775.7,5875.5,2754.6,0.0277,0.1208,22.851,4.82,0.822,75.2,8.95,26.91,9.44,ok
FXEeOQgWkns,"Убей меня, Эйс!",Ты так хотела,123.0,D,minor,0.716,0.568,0.754,0.201,0.1947,0.264,2158.1,4491.3,2323.7,0.0203,0.0899,22.988,4.64,0.841,106.52,-11.02,22.11,13.07,ok
kHs9vUbXaG8,Мимо Вселенной,Три сотни дней,136.0,A,major,0.27,0.54,0.854,0.141,0.2251,0.326,2481.9,5243.7,2584.5,0.0189,0.082,23.125,3.98,0.782,84.96,4.19,29.43,14.44,ok
gJ8-orzM_qA,АПФС перезаливы,Автостопом по фазе сна - Давай поправимся,129.2,E,minor,0.522,0.956,0.799,0.196,0.1391,0.585,2016.2,4468.6,2505.2,0.0149,0.0718,22.093,3.89,0.881,110.18,10.4,10.73,13.45,ok
8kTrzTZK4nc,Мимо Вселенной,Меланхолия драйв,129.2,B,minor,0.644,0.712,0.797,0.23,0.1993,0.437,1288.6,2845.2,1809.2,0.0062,0.0356,22.292,4.03,0.836,123.86,30.98,35.97,22.46,ok
s3X-XusLlZM,алёна швец.,первое свидание,172.3,F#,minor,0.795,0.41,0.561,0.371,0.1556,0.708,2058.3,4012.4,2280.0,0.0135,0.0904,23.824,3.52,0.795,106.46,-4.15,6.64,0.65,ok
TWf6s1n8HqM,IVOXYGEN,Skin,161.5,F#,minor,0.712,0.576,0.751,0.256,0.2169,0.325,2054.7,4859.1,2600.4,0.0121,0.0501,22.794,3.46,0.817,104.07,36.83,31.32,15.15,ok
Ama40Tk-_rM,ThxSoMch,Hate.,95.7,F#,major,0.148,0.296,0.682,0.301,0.2423,0.425,2759.3,5815.6,2600.3,0.0792,0.1056,21.017,5.16,0.841,69.58,5.5,17.59,2.88,ok
J7m6OTkWBuU,ThxSoMch,Keep It Tucked,89.1,C,minor,0.786,0.428,0.742,0.258,0.2613,0.326,2631.0,5635.0,2657.1,0.0279,0.0977,22.089,4.86,0.871,78.04,-2.29,24.99,4.77,ok
LHiSYbn2pUU,CUPSIZE,ты любишь танцевать,112.3,D#,minor,0.643,0.714,0.542,0.331,0.2392,0.453,2430.4,4993.5,2357.9,0.0297,0.1139,22.11,3.48,0.755,84.25,-11.33,39.59,-2.27,ok
n-wEvzqdDZg,Weval,Someday,215.3,A#,minor,0.654,0.692,0.356,0.197,0.1632,0.463,1747.3,3862.4,2072.5,0.012,0.0649,21.919,4.3,0.835,125.54,-5.37,25.94,-2.25,ok
nO9aot9RgQc,Max Cooper,Repetition,161.5,D,major,0.399,0.798,0.789,0.11,0.1588,0.268,571.5,902.2,731.4,0.0001,0.0346,22.276,7.98,0.931,231.91,15.38,4.59,6.46,ok
sW-RWCNhcFU,robthebloke,One big fat sound,172.3,F,minor,0.803,0.394,0.855,0.074,0.0739,0.158,1406.8,2931.4,1786.9,0.0038,0.0633,22.664,5.1,0.963,145.76,-5.59,21.75,-1.98,ok
DyqAcyqjjCY,Eyrina Green,"Жил динозавр (анимация EyrinaGreen , песня Soltwine)",112.3,D,minor,0.656,0.688,0.747,0.325,0.1658,0.665,1947.4,4104.0,2046.6,0.1562,0.0862,21.202,3.47,0.757,75.56,-3.82,20.47,-3.55,ok
P_FXXBVAL7o,mr muscle,[FREE BEAT] POST PUNK / MOLHAT DOMA / БУЕРАК / СВИДЕТЕЛЬСТВО О СМЕРТИ,172.3,C#,minor,0.579,0.842,0.57,0.204,0.2416,0.304,1254.6,2758.5,1789.4,0.0043,0.0305,22.337,4.48,0.916,133.31,13.32,39.51,14.5,ok
Iw5YVkzXYLw,mr muscle,[FREE BEAT]  Cigarettes After Sex / KxllSwxtch / The Strokes / Indie Rock,129.2,D,minor,0.827,0.346,0.856,0.255,0.1565,0.361,1714.0,3763.0,2075.0,0.0126,0.07,22.11,2.27,0.896,123.5,-1.45,37.76,-0.62,ok
0r4WvX3mJD8,mr muscle,[FREE BEAT] POST PUNK / MOLHAT DOMA / БУЕРАК / PLOHO,172.3,A#,minor,0.545,0.91,0.518,0.412,0.2157,0.399,1649.0,3755.0,2081.8,0.0086,0.042,21.038,5.63,0.949,118.09,9.37,35.94,16.14,ok
mES0BoMFbRs,ShadyVox,Goodbye Moonmen,73.8,F,minor,0.574,0.852,0.836,0.158,0.1399,0.496,2205.4,4542.0,2271.5,0.0389,0.1076,23.785,2.71,0.783,92.64,-12.14,19.94,0.47,ok
YRCmmJZRyJs,Salvatore Ganacci,f the police.,,,,,,,,,,,,,,,,,,,,,,analyze_failed:ValueError
imYUfpvqD50,yoitsZe.Mp3,Keep It Tucked x SPIT IN MY FACE | Mashup,184.6,C,minor,0.578,0.844,0.526,0.207,0.2056,0.315,2428.0,5230.6,2559.2,0.0158,0.0846,22.726,4.94,0.842,85.37,2.04,28.01,5.17,ok
7WxgfnQQb0E,Hunter2.1 SS,Не тяни меня на дно.  Где Фантом?,99.4,A,major,0.404,0.808,0.592,0.302,0.3702,0.123,1611.0,3343.2,2006.6,0.0068,0.0652,21.562,3.5,0.89,131.89,-9.82,24.54,2.7,ok
weX8DABPewM,mono death,mono death - расстройство (Old 2020 Version),112.3,G,minor,0.742,0.516,0.794,0.276,0.1906,0.329,2416.6,5229.8,2569.4,0.0166,0.0826,22.388,3.9,0.873,75.8,1.57,47.69,5.96,ok
V8JSj8VSZ9U,mono death,Mono Death - Лето,99.4,G,major,0.142,0.284,0.799,0.155,0.201,0.241,2124.5,4784.4,2506.7,0.0142,0.0867,23.217,4.81,0.865,106.21,11.5,16.29,2.04,ok
s9qet5-H8zU,Mono Death,Лето,99.4,G,major,0.144,0.288,0.799,0.155,0.2195,0.24,2129.7,4795.5,2510.0,0.0144,0.0868,23.215,4.79,0.869,106.04,11.37,16.28,2.02,ok
WTKG009YcmI,speed up,"Валерия - часики (speed up, remix)",107.7,C,minor,0.596,0.808,0.4,0.53,0.2115,0.639,1864.0,4075.1,2129.9,0.0304,0.0794,23.524,4.04,0.903,105.6,-2.85,22.56,-0.84,ok
WEa1Uv6ap-g,CMH,CMH x DK - МЕМЫ,129.2,F,minor,0.524,0.952,0.528,0.397,0.2757,0.416,2684.4,5840.9,2803.2,0.0213,0.0668,21.856,4.52,0.763,59.51,20.37,32.82,16.64,ok
FYEPVqzPY_g,Marinarka&Komizelka,DOOMивер [Думивер] | Думерский Универ,172.3,C,minor,0.75,0.5,0.578,0.06,0.0688,1.037,1313.5,2499.6,1560.9,0.0028,0.0506,21.241,1.14,0.912,149.32,-20.14,15.65,-2.66,ok
H_MHthLGmNo,parassite,КУЗЯ ИЗ УНИВЕРА СОШЁЛ С УМА И СТАЛ ИГРАТЬ ПОСТ-ПАНК (prod.by parassite),83.4,C#,major,0.204,0.408,0.657,0.151,0.1757,0.473,1291.0,2811.8,1405.0,0.0017,0.0602,24.64,4.51,0.846,149.2,-27.55,39.36,-3.85,ok
akkLbD2KUbE,i'm cyborg but that's ok,"Bonjr - It's Ok, You're Ok",99.4,G#,major,0.493,0.986,0.702,0.152,0.092,0.346,1451.6,2675.3,1609.1,0.0131,0.0775,23.152,2.06,0.861,151.03,-18.32,-4.62,-9.52,ok
jUo60dmz5jk,ramona,dark beach / pastel ghost (slowed + reverbed),117.5,C,minor,0.572,0.856,0.492,0.187,0.2296,0.24,1948.9,4873.2,2485.9,0.0085,0.0615,21.605,5.95,0.947,106.8,15.52,35.2,7.64,ok
Zao7iHxRJZM,sunsetiqq,Dream space x павапепе гимабоди(mashup),107.7,F#,minor,0.783,0.434,0.774,0.242,0.3268,0.445,2167.1,4567.7,2322.5,0.0162,0.0778,22.16,5.45,0.897,91.26,-13.28,19.69,-5.45,ok
qqEj83PKMgA,Demmino,Blade Runner - Firchtein,117.5,C,minor,0.687,0.626,0.642,0.303,0.2785,0.285,1796.7,4441.9,2321.3,0.0061,0.055,22.025,5.81,0.927,113.64,9.09,38.53,5.85,ok
oLr95YL_w6w,NDRMDCH,Инфоцыгане,117.5,F#,major,0.474,0.948,0.783,0.134,0.3243,0.453,2437.0,5173.9,2541.3,0.0123,0.0753,23.812,4.32,0.754,73.34,5.11,25.22,-0.21,ok
Zr3vu0UMm6c,Шутка Мем,Дора - Гори (Нейросеть),129.2,C,major,0.271,0.542,0.855,0.213,0.3036,0.164,2626.4,5147.0,2507.7,0.0313,0.129,22.662,4.16,0.871,76.88,-15.47,35.44,6.74,ok
1Xbct3CkrCA,PROSTOF1LYA,ГИТЛЕР-ПОЧЕМУ (AI COVER),152.0,F,minor,0.907,0.186,0.907,0.183,0.3212,0.346,2350.5,4741.4,2289.7,0.0102,0.0871,23.51,5.1,0.834,80.8,-28.13,28.91,13.07,ok
mB6SMqrCZis,keegan ross,lost,172.3,F#,minor,0.61,0.78,0.558,0.12,0.1414,0.318,1453.9,2863.5,1557.7,0.012,0.0726,23.091,3.58,0.88,156.04,-37.91,25.49,0.77,ok
RE5_yUu-PuM,AK DA GOON's Unpaid Intern,corbin- Giving Up [Mourn],107.7,A,minor,0.538,0.924,0.586,0.133,0.2533,0.342,1431.9,3082.5,1919.2,0.0038,0.0507,25.359,1.78,0.771,127.2,12.0,34.93,17.7,ok
oyzoGp4eCB4,Hendyamps Studios,"The Darkest Cello Music - ""Beginning to End""",117.5,C,major,0.222,0.444,0.791,0.013,0.1134,0.564,796.0,1447.0,1247.5,0.0002,0.0317,25.753,3.42,0.951,165.03,-4.17,22.05,28.29,ok
9RMHHwJ9Eqk,Fae Child ❀ AKA Bijou Violet,n u a g e s - Dreams ❀,92.3,E,minor,0.561,0.878,0.772,0.099,0.1526,0.336,784.5,1423.0,1391.9,0.0006,0.0237,23.196,2.32,0.736,167.19,13.62,35.82,17.74,ok
t-kWozpEdR4,CMH,CMH - ШАУРМА,103.4,E,minor,0.607,0.786,0.613,0.109,0.2345,0.653,2558.8,5512.0,2711.4,0.0212,0.0949,23.49,4.4,0.702,74.19,13.82,9.07,3.37,ok
dAXIvaNJ-zI,BLISSMOKE,Just The Two Of Us,95.7,A#,minor,0.506,0.988,0.465,0.2,0.0862,0.46,1329.4,2720.8,1852.7,0.0035,0.0474,24.017,4.24,0.746,136.92,19.69,24.34,10.15,ok
6CNlfGZIDCM,Hendyamps Studios,"EPIC Cello Music!  ""Silver Linings""",161.5,G,minor,0.814,0.372,0.871,0.04,0.1623,0.421,1048.7,1954.8,1617.2,0.0007,0.0397,24.282,3.46,0.918,148.51,0.83,30.21,21.7,ok
EOTykAFBWS4,HAUSER,HAUSER & Lana Trotovsek - Passacaglia (Handel - Halvorsen),143.6,G,minor,0.793,0.414,0.778,0.075,0.0914,0.664,1380.4,2698.7,1687.2,0.0017,0.067,25.939,3.81,0.782,131.25,-11.85,17.68,-1.61,ok
ZtCOsQqrBrs,ThxSoMch,SPIT IN MY FACE!,95.7,D#,major,0.181,0.362,0.602,0.273,0.229,0.38,2268.5,4691.8,2398.2,0.0208,0.0884,22.332,4.67,0.848,93.01,-5.16,26.13,10.0,ok
PaBfQunSuwA,to the piano,комарово / piano cover,184.6,A,minor,0.692,0.616,0.806,0.04,0.1675,0.404,619.8,920.1,605.5,0.0,0.0434,26.487,4.36,0.727,210.64,12.16,-6.4,-9.52,ok
HjcSspYSfms,Твин Пикс,По шанхайским подвалам,152.0,D,minor,0.68,0.64,0.815,0.154,0.314,0.205,2608.6,5536.9,2638.1,0.0266,0.1008,22.56,4.49,0.88,74.11,3.17,40.41,11.7,ok
UCGCIghhocA,"Yuliya Lebedenko, Pavel Lyubomudrov, Metamorphose String Orchestra, Antonio Vivaldi","The Four Seasons, Violin Concerto No. 4 in F Minor, RV 297 ""Winter"": I. Allegro non molto",161.5,C,minor,0.842,0.316,0.819,0.047,0.0317,0.688,1813.7,3343.5,1772.9,0.0027,0.1078,26.355,4.87,0.896,109.06,-35.39,18.81,-7.17,ok
d0Jyvteqzrw,Eyedress,Jealous,123.0,A,minor,0.776,0.448,0.713,0.186,0.2191,0.173,2272.7,5352.1,2735.8,0.0198,0.0756,20.753,5.65,0.859,96.21,15.32,21.39,11.93,ok
WPw7nlluRdc,Lebanon Hanover,Gallowdance,136.0,G,minor,0.671,0.658,0.641,0.395,0.1131,0.583,1610.0,3372.6,1779.9,0.0441,0.0724,22.176,3.31,0.871,120.22,-1.76,45.81,3.41,ok
0Ur7K0wplsk,kuliet,Gallowdance | sped up,83.4,F#,major,0.467,0.934,0.426,0.394,0.0999,0.385,2010.8,4182.8,2099.5,0.0136,0.0861,23.003,4.1,0.876,106.83,5.71,45.31,-0.16,ok
WhpT7Klunl0,elettromanipolazione,crystal castles - leni,117.5,F#,minor,0.568,0.864,0.718,0.422,0.1935,0.473,2927.7,6614.1,2927.8,0.022,0.1014,23.606,2.3,0.815,58.42,12.78,19.65,-2.87,ok
XRaxU-KESE8,Instupendo,instupendo - six forty seven (slowed down),123.0,C,major,0.407,0.814,0.589,0.02,0.0756,0.67,619.3,1094.5,864.9,0.0003,0.0307,25.181,1.51,0.795,155.42,34.95,33.92,20.99,ok
BX0lKSa_PTk,"Oliver Tree, Robin Schulz",Miss You,143.6,F#,minor,0.54,0.92,0.765,0.197,0.2822,0.412,2878.9,6399.1,2844.5,0.0345,0.1204,22.7,4.25,0.87,66.97,2.36,16.2,6.43,ok
t_Kd_G7p6ZQ,Jacob's Piano,4 Beautiful Soundtracks | Relaxing Piano [10min],136.0,D,major,0.416,0.832,0.889,0.026,0.0534,0.542,570.9,882.9,618.1,0.0368,0.0464,24.665,3.53,0.666,193.46,37.34,-8.77,3.57,ok
-F9nCQtxkRw,AweLyrics,Hoobastank - The Reason (Lyrics),83.4,E,major,0.294,0.588,0.931,0.136,0.281,0.183,2534.8,5773.6,2708.0,0.0216,0.1023,23.119,2.39,0.854,81.42,14.33,33.78,10.14,ok
isvAwZkIe4g,ROMANE,Run (Slowed + Reverb),103.4,G,minor,0.655,0.69,0.652,0.234,0.2607,0.458,2191.7,4886.6,2441.3,0.0144,0.0647,22.968,5.42,0.923,91.58,-1.34,27.05,13.13,ok
XFkzRNyygfk,Radiohead,Creep,92.3,G,major,0.142,0.284,0.783,0.276,0.1388,0.418,2533.1,5481.0,2641.1,0.0262,0.1134,22.896,2.29,0.718,73.9,10.34,37.16,23.53,ok
5LRwYKpV-6A,Ludovico Einaudi,Einaudi: Fly (Official Visualiser),112.3,C#,minor,0.693,0.614,0.903,0.013,0.0846,0.284,720.2,1153.0,734.0,0.0,0.0469,26.778,5.41,0.82,206.47,-10.59,4.39,3.91,ok
1lqO-hhSpPo,ФИЛЬНОВ OFFICIAL,MORGENSHTERN ft. ИДУЩИЙ К РЕКЕ - SHOW (prod. checkoff),103.4,F#,minor,0.642,0.716,0.549,0.306,0.2007,0.552,1251.1,2613.5,1449.5,0.004,0.0459,23.567,3.87,0.79,150.03,-9.42,6.66,18.67,ok
9EYb6Nfw1Zg,Mainstream One,Джага-джага,129.2,G,minor,0.664,0.672,0.277,0.185,0.312,0.276,3130.2,6752.7,2986.8,0.0463,0.1118,21.05,4.75,0.851,53.2,11.71,31.11,15.96,ok
pudyIQcuGbw,María Saprina,Король и шут - Дурак и молния (PIANO COVER),184.6,C#,minor,0.859,0.282,0.892,0.017,0.0814,0.376,866.4,1707.8,971.7,0.0001,0.046,27.382,3.61,0.623,192.75,-40.57,28.01,9.71,ok
bwiKpARBngU,NanowaR of Steel,In the Sky,99.4,D#,major,0.442,0.884,0.677,0.533,0.1778,0.257,2961.1,6131.3,2715.4,0.0579,0.1531,20.11,5.01,0.88,62.5,-11.49,25.77,6.19,ok
_imOsDY7X9U,Plamenev,Вне смерти,129.2,F,minor,0.563,0.874,0.638,0.253,0.1973,0.471,2785.8,5681.0,2642.6,0.0306,0.1143,22.112,3.72,0.797,67.44,-8.9,24.93,9.05,ok
B-zH3Dgo7ow,Music Inside,Russian Cyberfolk Song (WITH ENGLISH SUBTITLES),136.0,E,major,0.39,0.78,0.698,0.116,0.1068,0.535,1994.0,3597.1,2289.9,0.0109,0.0932,25.321,3.35,0.769,90.38,8.65,16.47,4.76,ok
42nIjlB6iTE,Lord Vinheteiro,9 German Songs You've Heard and Don't Know The Name,99.4,A,minor,0.551,0.898,0.562,0.029,0.1071,0.51,618.9,1008.4,645.2,0.0003,0.0406,26.475,2.52,0.568,191.92,14.02,5.19,11.26,ok
JDLr75pbQU4,Lord Vinheteiro,9 French Songs You've Heard And Don't Know The Name,112.3,C#,major,0.319,0.638,0.6,0.036,0.0881,0.665,526.7,830.7,526.3,0.0432,0.0342,26.065,1.97,0.588,172.38,24.28,3.89,12.94,ok
YVkUvmDQ3HY,Eminem,Without Me,112.3,G,minor,0.503,0.994,0.515,0.468,0.2123,0.343,2543.3,5380.7,2667.6,0.0206,0.0825,23.57,4.15,0.834,78.43,13.26,30.9,21.34,ok
hqVMTPDILek,Karmin,Come With Me (Pure Imagination),86.1,G,major,0.247,0.494,0.52,0.556,0.2083,0.576,2552.7,5421.9,2678.2,0.035,0.1139,22.81,3.43,0.843,76.61,0.15,24.54,8.6,ok
izGwDsrQ1eQ,George Michael,Careless Whisper (Official Video),152.0,D,minor,0.843,0.314,0.846,0.32,0.0691,0.433,2806.5,6177.6,2830.6,0.0261,0.1273,23.142,3.12,0.773,74.79,20.82,31.02,12.94,ok
p_DTYD5DJqE,BABOOSHKA,BABOOSHKA - Надувная церковь (official video),95.7,A,minor,0.873,0.254,0.959,0.178,0.1934,0.548,2678.4,5798.0,2644.5,0.0315,0.1191,22.478,3.35,0.794,84.15,3.38,17.34,-2.62,ok
J3Ix-h0ucRs,JustMyFavStrangeMusic,MGMT - When You Die (Doomer Wave),123.0,C,major,0.249,0.498,0.668,0.197,0.1412,0.322,780.2,1482.6,800.3,0.0,0.0499,24.099,3.54,0.849,213.59,-29.41,10.6,24.2,ok
IOGKwCegXWE,AirQerre,Corbin - Giving Up - Lyrics,,,,,,,,,,,,,,,,,,,,,,download_failed
MtTBqIAQ434,JackStauber,Peppermint (feat. Lexy) - Jack Stauber,123.0,G#,major,0.277,0.554,0.865,0.22,0.1177,0.245,1428.4,2613.9,1312.3,0.0011,0.0892,25.399,4.16,0.812,167.69,-70.23,36.02,-11.52,ok
52Gg9CqhbP8,Stuck in the Sound,Let's Go,89.1,B,minor,0.546,0.908,0.796,0.187,0.2808,0.221,2388.6,5229.4,2547.0,0.0209,0.0947,22.414,1.91,0.787,85.23,1.14,31.16,3.46,ok
6oAqOFz6QsU,Duke Dumont,The Giver (Reprise),123.0,G,major,0.361,0.722,0.442,0.216,0.2039,0.344,2622.4,5470.1,2578.5,0.0245,0.1035,23.17,5.87,0.835,71.9,-3.37,28.29,4.96,ok
Kq4OtRsdXls,Alex Gaudino,Destination Calabria (feat. Crystal Waters),129.2,A,major,0.359,0.718,0.736,0.379,0.2279,0.387,3168.4,6655.9,2901.3,0.0557,0.1458,20.975,4.68,0.845,60.75,8.71,25.41,10.97,ok
vJ1CzvOKzVY,SuperKek,флекс кека подходит под любую песню 3,,,,,,,,,,,,,,,,,,,,,,download_failed
LONo9cICVAM,Mind Chill TV,Welcome to Mind Chill TV | Chill Your Mind in 360,89.1,C,minor,0.703,0.594,0.76,0.124,0.227,0.198,2242.3,4963.0,2461.2,0.0156,0.0944,23.559,1.88,0.796,96.93,12.15,32.32,-5.01,ok
_7wKjTf_RlI,Max Cooper,Order from Chaos,152.0,A,minor,0.649,0.702,0.55,0.268,0.1623,0.63,2052.5,4565.5,2428.4,0.0225,0.0725,21.378,5.64,0.739,105.23,8.64,18.49,9.02,ok
DKV7yIarRZA,Maths Town,Jungle of Dreams - Mandelbrot Fractal Zoom,76.0,E,minor,0.75,0.5,0.829,0.034,0.0991,0.356,749.7,1226.1,1098.8,0.0002,0.038,24.331,0.89,0.82,186.47,3.02,18.07,11.3,ok
8cgp2WNNKmQ,Maths Town,Sapphires - Mandelbrot Fractal Zoom (8k 60fps),129.2,G,minor,0.606,0.788,0.732,0.077,0.0872,0.624,693.5,1192.7,1128.7,0.004,0.0321,23.746,2.35,0.727,152.19,28.3,29.58,20.93,ok
bJT0TqxfdDE,Carl-Johan Örtendahl,Russian Soldiers Dancing to Moskau (English Version),129.2,C,minor,0.633,0.734,0.507,0.439,0.0523,0.354,2656.6,5723.4,2651.6,0.0376,0.13,21.947,4.49,0.844,83.61,-3.63,14.11,1.51,ok
h61QG4s0I3U,LaTebwaRules,The Supermen Lovers (feat. Mani Hoffman) · Starlight (Official Video),129.2,F,major,0.27,0.54,0.651,0.333,0.074,0.368,1742.0,3838.1,2217.5,0.0081,0.0613,22.276,4.18,0.84,114.69,1.29,24.72,12.52,ok
PppkNH3bKV4,Danny Casale | Coolman Coffeedan,PLEASE DONT BE SO SAD (watch this when your depressed),172.3,E,minor,0.57,0.86,0.386,0.158,0.1743,0.637,1581.1,3217.9,2126.7,0.0167,0.0531,23.17,2.63,0.72,113.58,21.37,27.84,13.48,ok
0MOtEJhkl2U,Patrik Pietschmann,Man of Steel Main Theme (piano version),172.3,C,major,0.266,0.532,0.921,0.034,0.0646,0.667,523.4,914.2,547.1,0.0,0.0332,26.07,1.46,0.67,206.01,14.09,7.11,13.95,ok
v70H0VlbZNE,PianoX,Yann Tiersen - Comptine d`un autre été | Piano cover,89.1,B,minor,0.662,0.676,0.926,0.026,0.1086,0.548,751.4,1204.6,661.3,0.0009,0.0581,25.795,3.71,0.893,192.91,-5.82,-18.58,7.46,ok
MXzKLpYTfBE,Patrik Pietschmann,Avatar Main Theme (piano version),66.3,D#,major,0.405,0.81,0.725,0.023,0.0771,0.44,670.6,1129.0,657.4,0.0,0.0463,26.582,2.74,0.645,213.3,-8.73,0.41,8.83,ok
frxT2qB1POQ,Rousseau,J.S. Bach - Prelude in C Major,258.4,C,major,0.124,0.248,0.868,0.015,0.0612,0.582,657.5,1198.3,810.7,0.0002,0.0357,25.066,3.05,0.691,188.21,22.23,-1.24,12.78,ok
4y33h81phKU,Patrik Pietschmann,Interstellar (Main Theme) - Piano Version,99.4,E,minor,0.548,0.904,0.79,0.008,0.0364,0.362,668.8,1023.5,627.1,0.0,0.0434,28.27,3.36,0.768,184.69,-1.08,8.42,7.98,ok
tHLYShcTtKo,Уроки игры на фортепиано,Бетховен Лунная соната / Beethoven Moonlight (piano cover + tutorial + ноты),112.3,B,major,0.16,0.32,0.892,0.013,0.0345,0.448,576.6,925.4,767.9,0.0,0.035,26.283,1.84,0.634,200.7,28.71,-10.93,12.03,ok
fKopy74weus,Imagine Dragons,Thunder,172.3,C,major,0.238,0.476,0.808,0.231,0.3096,0.331,1688.0,3438.6,1988.1,0.0072,0.0522,22.384,2.74,0.75,116.6,-19.08,26.15,7.1,ok
GKpVPugt0IU,егорbez,kah,99.4,B,minor,0.737,0.526,0.468,0.337,0.318,0.218,1224.2,2712.2,1811.9,0.0026,0.0359,22.39,5.96,0.824,127.89,19.38,54.21,24.77,ok
